datetime,light,sound,motion,contour_average,image
05/03/18 13:56:00,272,555,True,0.026119402985074626,18-05-03-13-56-00.jpg
05/03/18 13:57:00,263,179,True,0.050724637681159424,18-05-03-13-57-00.jpg
05/03/18 13:58:00,287,640,True,0.06015037593984963,18-05-03-13-58-00.jpg
05/03/18 13:59:00,260,178,True,0.14015151515151514,18-05-03-13-59-00.jpg
05/03/18 14:00:00,262,505,True,0.06390977443609022,18-05-03-14-00-00.jpg
05/03/18 14:01:00,267,176,True,0.015209125475285171,18-05-03-14-01-00.jpg
05/03/18 14:02:00,259,180,True,0.2129277566539924,18-05-03-14-02-00.jpg
05/03/18 14:03:00,271,325,True,0.13671875,18-05-03-14-03-00.jpg
05/03/18 14:04:00,287,177,True,0.13157894736842105,18-05-03-14-04-00.jpg
05/03/18 14:06:00,282,176,True,0.3055555555555556,18-05-03-14-06-00.jpg
05/03/18 14:08:00,265,461,True,0.04924242424242424,18-05-03-14-08-00.jpg
05/03/18 14:09:00,287,480,False,0.0,18-05-03-14-09-00.jpg
05/03/18 14:10:00,285,361,True,0.05185185185185185,18-05-03-14-10-00.jpg
05/03/18 14:11:00,280,619,True,0.030418250950570342,18-05-03-14-11-00.jpg
05/03/18 14:12:00,265,432,True,0.01486988847583643,18-05-03-14-12-00.jpg
05/03/18 14:13:00,283,697,True,0.03333333333333333,18-05-03-14-13-00.jpg
05/03/18 14:16:00,291,173,True,0.061538461538461535,18-05-03-14-16-00.jpg
05/03/18 14:17:00,260,387,True,0.007662835249042145,18-05-03-14-17-00.jpg
05/03/18 14:18:00,278,193,True,0.021505376344086027,18-05-03-14-18-00.jpg
05/03/18 14:19:00,282,225,True,0.006896551724137931,18-05-03-14-19-00.jpg
05/03/18 14:20:00,279,231,True,0.02413793103448276,18-05-03-14-20-00.jpg
05/03/18 14:21:00,262,214,True,0.013793103448275862,18-05-03-14-21-00.jpg
05/03/18 14:22:00,263,219,True,0.017361111111111112,18-05-03-14-22-00.jpg
05/03/18 14:23:00,287,490,False,0.0,18-05-03-14-23-00.jpg
05/03/18 14:24:00,263,220,False,0.0,18-05-03-14-24-00.jpg
05/03/18 14:25:00,284,229,True,0.03157894736842105,18-05-03-14-25-00.jpg
05/03/18 14:26:00,279,475,True,0.07913669064748201,18-05-03-14-26-00.jpg
05/03/18 14:27:00,287,222,True,0.14982578397212545,18-05-03-14-27-00.jpg
05/03/18 14:28:00,260,394,True,0.12802768166089964,18-05-03-14-28-00.jpg
05/03/18 14:29:00,281,225,True,0.4142857142857143,18-05-03-14-29-00.jpg
05/03/18 14:30:00,276,174,True,0.3298245614035088,18-05-03-14-30-00.jpg
05/03/18 14:31:00,264,176,True,0.2563176895306859,18-05-03-14-31-00.jpg
05/03/18 14:32:00,261,279,True,0.2717770034843205,18-05-03-14-32-00.jpg
05/03/18 14:33:00,285,174,True,0.04912280701754386,18-05-03-14-33-00.jpg
05/03/18 14:34:00,271,215,True,0.04861111111111111,18-05-03-14-34-00.jpg
05/03/18 14:35:00,285,178,True,0.21180555555555555,18-05-03-14-35-00.jpg
05/03/18 14:36:00,271,176,True,0.16842105263157894,18-05-03-14-36-00.jpg
05/03/18 14:37:00,261,210,True,0.08275862068965517,18-05-03-14-37-00.jpg
05/03/18 14:38:00,281,177,True,0.03448275862068965,18-05-03-14-38-00.jpg
05/03/18 14:39:00,261,175,True,0.0711743772241993,18-05-03-14-39-00.jpg
05/03/18 14:40:00,260,206,True,0.04498269896193772,18-05-03-14-40-00.jpg
05/03/18 14:41:00,285,476,True,0.07241379310344828,18-05-03-14-41-00.jpg
05/03/18 14:42:00,285,268,True,0.010416666666666666,18-05-03-14-42-00.jpg
05/03/18 14:43:00,275,399,True,0.01060070671378092,18-05-03-14-43-00.jpg
05/03/18 14:44:00,277,221,True,0.09027777777777778,18-05-03-14-44-00.jpg
05/03/18 14:45:00,287,205,True,0.0975609756097561,18-05-03-14-45-00.jpg
05/03/18 14:46:00,274,241,True,0.06690140845070422,18-05-03-14-46-00.jpg
05/03/18 14:47:00,277,259,True,0.10211267605633803,18-05-03-14-47-00.jpg
05/03/18 14:48:00,261,584,True,0.04137931034482759,18-05-03-14-48-00.jpg
05/03/18 14:49:00,287,176,True,0.05594405594405594,18-05-03-14-49-00.jpg
05/03/18 14:50:00,266,175,True,0.041811846689895474,18-05-03-14-50-00.jpg
05/03/18 14:51:00,264,175,True,0.06551724137931035,18-05-03-14-51-00.jpg
05/03/18 14:52:00,261,461,True,0.05263157894736842,18-05-03-14-52-00.jpg
05/03/18 14:53:00,286,437,True,0.19434628975265014,18-05-03-14-53-00.jpg
05/03/18 14:54:00,283,491,False,0.0,18-05-03-14-54-00.jpg
05/03/18 14:55:00,264,221,True,0.020761245674740483,18-05-03-14-55-00.jpg
05/03/18 14:56:00,281,292,True,0.09219858156028367,18-05-03-14-56-00.jpg
05/03/18 14:57:00,283,229,True,0.11805555555555555,18-05-03-14-57-00.jpg
05/03/18 14:58:00,288,390,True,0.13620071684587814,18-05-03-14-58-00.jpg
05/03/18 14:59:00,287,182,True,0.1245674740484429,18-05-03-14-59-00.jpg
05/03/18 15:00:00,284,197,True,0.08391608391608392,18-05-03-15-00-00.jpg
05/03/18 15:01:00,267,247,True,0.03832752613240418,18-05-03-15-01-00.jpg
05/03/18 15:02:00,267,177,False,0.0,18-05-03-15-02-00.jpg
05/03/18 15:03:00,273,250,True,0.14335664335664336,18-05-03-15-03-00.jpg
05/03/18 15:04:00,284,236,True,0.031141868512110725,18-05-03-15-04-00.jpg
05/03/18 15:05:00,286,496,True,0.0912280701754386,18-05-03-15-05-00.jpg
05/03/18 15:06:00,286,261,True,0.16896551724137931,18-05-03-15-06-00.jpg
05/03/18 15:07:00,287,193,True,0.2013888888888889,18-05-03-15-07-00.jpg
05/03/18 15:08:00,270,296,True,0.02456140350877193,18-05-03-15-08-00.jpg
05/03/18 15:09:00,273,235,True,0.14385964912280702,18-05-03-15-09-00.jpg
05/03/18 15:10:00,275,178,True,0.2447552447552448,18-05-03-15-10-00.jpg
05/03/18 15:11:00,276,215,True,0.2210144927536232,18-05-03-15-11-00.jpg
05/03/18 15:12:00,287,247,True,0.08243727598566307,18-05-03-15-12-00.jpg
05/03/18 15:13:00,284,262,True,0.03484320557491289,18-05-03-15-13-00.jpg
05/03/18 15:14:00,263,176,True,0.013888888888888888,18-05-03-15-14-00.jpg
05/03/18 15:15:00,287,509,True,0.16551724137931034,18-05-03-15-15-00.jpg
05/03/18 15:16:00,261,480,True,0.06551724137931035,18-05-03-15-16-00.jpg
05/03/18 15:17:00,266,179,True,0.08333333333333333,18-05-03-15-17-00.jpg
05/03/18 15:18:00,258,238,True,0.08243727598566307,18-05-03-15-18-00.jpg
05/03/18 15:19:00,260,218,True,0.024054982817869417,18-05-03-15-19-00.jpg
05/03/18 15:20:00,283,178,True,0.027491408934707903,18-05-03-15-20-00.jpg
05/03/18 15:21:00,281,237,True,0.1853146853146853,18-05-03-15-21-00.jpg
05/03/18 15:22:00,273,216,True,0.8391608391608392,18-05-03-15-22-00.jpg
05/03/18 15:23:00,277,177,True,0.4245614035087719,18-05-03-15-23-00.jpg
05/03/18 15:24:00,272,400,True,0.5398550724637681,18-05-03-15-24-00.jpg
05/03/18 15:25:00,283,210,True,0.7561837455830389,18-05-03-15-25-00.jpg
05/03/18 15:26:00,285,217,True,0.6091549295774648,18-05-03-15-26-00.jpg
05/03/18 15:27:00,259,179,True,0.4409722222222222,18-05-03-15-27-00.jpg
05/03/18 15:28:00,263,209,True,0.5536332179930796,18-05-03-15-28-00.jpg
05/03/18 15:29:00,264,340,True,0.32413793103448274,18-05-03-15-29-00.jpg
05/03/18 15:30:00,279,193,True,0.28178694158075607,18-05-03-15-30-00.jpg
05/03/18 15:31:00,282,210,True,0.5945017182130584,18-05-03-15-31-00.jpg
05/03/18 15:32:00,282,525,True,0.4775086505190311,18-05-03-15-32-00.jpg
05/03/18 15:33:00,267,499,True,0.6401384083044983,18-05-03-15-33-00.jpg
05/03/18 15:34:00,269,249,True,0.4305555555555556,18-05-03-15-34-00.jpg
05/03/18 15:35:00,285,179,True,0.3487544483985765,18-05-03-15-35-00.jpg
05/03/18 15:36:00,255,467,True,0.711340206185567,18-05-03-15-36-00.jpg
05/03/18 15:37:00,285,366,True,0.7689655172413793,18-05-03-15-37-00.jpg
05/03/18 15:38:00,259,178,True,0.2852233676975945,18-05-03-15-38-00.jpg
05/03/18 15:39:00,279,426,True,0.8865979381443299,18-05-03-15-39-00.jpg
05/03/18 15:40:00,274,200,True,0.3333333333333333,18-05-03-15-40-00.jpg
05/03/18 15:41:00,255,226,True,0.6907216494845361,18-05-03-15-41-00.jpg
05/03/18 15:42:00,258,363,True,0.9381443298969072,18-05-03-15-42-00.jpg
05/03/18 15:43:00,283,209,True,0.32989690721649484,18-05-03-15-43-00.jpg
05/03/18 15:44:00,259,180,True,0.16494845360824742,18-05-03-15-44-00.jpg
05/03/18 15:45:00,259,185,True,0.7326388888888888,18-05-03-15-45-00.jpg
05/03/18 15:46:00,270,179,True,0.6453900709219859,18-05-03-15-46-00.jpg
05/03/18 15:47:00,283,179,True,0.5505226480836237,18-05-03-15-47-00.jpg
05/03/18 15:48:00,267,244,True,0.7202797202797203,18-05-03-15-48-00.jpg
05/03/18 15:49:00,275,466,True,0.13541666666666666,18-05-03-15-49-00.jpg
05/03/18 15:50:00,283,440,True,0.0988593155893536,18-05-03-15-50-00.jpg
05/03/18 15:51:00,282,255,True,0.07942238267148015,18-05-03-15-51-00.jpg
05/03/18 15:52:00,267,370,True,0.2336769759450172,18-05-03-15-52-00.jpg
05/03/18 15:53:00,276,284,True,0.1453900709219858,18-05-03-15-53-00.jpg
05/03/18 15:54:00,284,435,True,0.07241379310344828,18-05-03-15-54-00.jpg
05/03/18 15:55:00,262,181,True,0.4639175257731959,18-05-03-15-55-00.jpg
05/03/18 15:56:00,257,618,True,0.4551724137931034,18-05-03-15-56-00.jpg
05/03/18 15:57:00,282,316,True,0.7272727272727273,18-05-03-15-57-00.jpg
05/03/18 15:58:00,275,494,True,0.6068965517241379,18-05-03-15-58-00.jpg
05/03/18 15:59:00,264,180,True,1.0481099656357389,18-05-03-15-59-00.jpg
05/03/18 16:00:00,278,217,True,0.4359861591695502,18-05-03-16-00-00.jpg
05/03/18 16:01:00,278,221,True,0.4192439862542955,18-05-03-16-01-00.jpg
05/03/18 16:02:00,276,464,True,0.03793103448275862,18-05-03-16-02-00.jpg
05/03/18 16:03:00,278,550,True,0.0625,18-05-03-16-03-00.jpg
05/03/18 16:04:00,259,215,True,0.2508591065292096,18-05-03-16-04-00.jpg
05/03/18 16:05:00,252,540,True,0.14482758620689656,18-05-03-16-05-00.jpg
05/03/18 16:06:00,254,233,True,0.32989690721649484,18-05-03-16-06-00.jpg
05/03/18 16:07:00,276,352,True,0.2103448275862069,18-05-03-16-07-00.jpg
05/03/18 16:08:00,245,365,True,0.5155709342560554,18-05-03-16-08-00.jpg
05/03/18 16:09:00,283,178,True,0.7724137931034483,18-05-03-16-09-00.jpg
05/03/18 16:10:00,283,352,True,0.5471014492753623,18-05-03-16-10-00.jpg
05/03/18 16:11:00,259,290,True,0.5381944444444444,18-05-03-16-11-00.jpg
05/03/18 16:12:00,277,292,True,0.519163763066202,18-05-03-16-12-00.jpg
05/03/18 16:13:00,278,248,True,0.22145328719723184,18-05-03-16-13-00.jpg
05/03/18 16:14:00,270,179,True,0.4479166666666667,18-05-03-16-14-00.jpg
05/03/18 16:15:00,262,180,True,0.21305841924398625,18-05-03-16-15-00.jpg
05/03/18 16:16:00,277,516,True,0.4,18-05-03-16-16-00.jpg
05/03/18 16:17:00,254,465,True,0.7137931034482758,18-05-03-16-17-00.jpg
05/03/18 16:18:00,279,476,True,0.3310344827586207,18-05-03-16-18-00.jpg
05/03/18 16:19:00,275,341,True,0.4394463667820069,18-05-03-16-19-00.jpg
05/03/18 16:20:00,255,195,True,1.0625,18-05-03-16-20-00.jpg
05/03/18 16:21:00,255,333,True,0.5409252669039146,18-05-03-16-21-00.jpg
05/03/18 16:22:00,247,250,True,0.593103448275862,18-05-03-16-22-00.jpg
05/03/18 16:23:00,277,226,True,0.7473309608540926,18-05-03-16-23-00.jpg
05/03/18 16:24:00,265,368,True,0.6959706959706959,18-05-03-16-24-00.jpg
05/03/18 16:25:00,249,188,True,0.5429553264604811,18-05-03-16-25-00.jpg
05/03/18 16:26:00,255,380,True,0.6632302405498282,18-05-03-16-26-00.jpg
05/03/18 16:27:00,250,218,True,0.3636363636363637,18-05-03-16-27-00.jpg
05/03/18 16:28:00,246,251,True,0.34494773519163763,18-05-03-16-28-00.jpg
05/03/18 16:29:00,259,205,True,0.3937282229965157,18-05-03-16-29-00.jpg
05/03/18 16:30:00,263,256,True,0.34494773519163763,18-05-03-16-30-00.jpg
05/03/18 16:31:00,266,180,True,0.3784722222222222,18-05-03-16-31-00.jpg
05/03/18 16:32:00,271,382,True,0.2560553633217993,18-05-03-16-32-00.jpg
05/03/18 16:33:00,260,345,True,0.711340206185567,18-05-03-16-33-00.jpg
05/03/18 16:34:00,249,284,True,0.4536082474226804,18-05-03-16-34-00.jpg
05/03/18 16:35:00,246,179,True,0.6426116838487973,18-05-03-16-35-00.jpg
05/03/18 16:36:00,273,237,True,0.6689895470383276,18-05-03-16-36-00.jpg
05/03/18 16:37:00,272,362,True,0.4895104895104895,18-05-03-16-37-00.jpg
05/03/18 16:38:00,253,324,True,0.6323024054982818,18-05-03-16-38-00.jpg
05/03/18 16:39:00,277,463,True,1.3058419243986257,18-05-03-16-39-00.jpg
05/03/18 16:40:00,251,243,True,0.4491228070175439,18-05-03-16-40-00.jpg
05/03/18 16:41:00,271,554,True,1.0252707581227436,18-05-03-16-41-00.jpg
05/03/18 16:42:00,274,212,True,0.2768166089965398,18-05-03-16-42-00.jpg
05/03/18 16:43:00,255,232,True,0.4408602150537633,18-05-03-16-43-00.jpg
05/03/18 16:44:00,273,252,True,0.2611683848797251,18-05-03-16-44-00.jpg
05/03/18 16:45:00,266,436,True,0.19655172413793104,18-05-03-16-45-00.jpg
05/03/18 16:46:00,250,230,True,0.1824561403508772,18-05-03-16-46-00.jpg
05/03/18 16:47:00,271,231,True,0.4076655052264808,18-05-03-16-47-00.jpg
05/03/18 16:48:00,250,237,True,0.5659722222222222,18-05-03-16-48-00.jpg
05/03/18 16:49:00,271,270,True,0.3573883161512028,18-05-03-16-49-00.jpg
05/03/18 16:50:00,254,238,True,0.2361111111111111,18-05-03-16-50-00.jpg
05/03/18 16:51:00,251,244,True,0.4536082474226804,18-05-03-16-51-00.jpg
05/03/18 16:52:00,271,228,True,0.17894736842105266,18-05-03-16-52-00.jpg
05/03/18 16:53:00,254,234,True,0.5120274914089347,18-05-03-16-53-00.jpg
05/03/18 16:54:00,244,477,True,0.2629757785467128,18-05-03-16-54-00.jpg
05/03/18 16:55:00,247,283,True,0.4895833333333333,18-05-03-16-55-00.jpg
05/03/18 16:56:00,270,310,True,0.2152777777777778,18-05-03-16-56-00.jpg
05/03/18 16:57:00,262,178,True,0.041811846689895474,18-05-03-16-57-00.jpg
05/03/18 16:58:00,251,458,True,0.1543859649122807,18-05-03-16-58-00.jpg
05/03/18 16:59:00,274,424,True,0.8811188811188811,18-05-03-16-59-00.jpg
05/03/18 17:00:00,271,268,True,0.7142857142857143,18-05-03-17-00-00.jpg
05/03/18 17:01:00,265,521,True,0.2241379310344828,18-05-03-17-01-00.jpg
05/03/18 17:02:00,267,516,True,0.7647058823529411,18-05-03-17-02-00.jpg
05/03/18 17:03:00,245,192,True,0.3649122807017544,18-05-03-17-03-00.jpg
05/03/18 17:04:00,247,418,True,0.14186851211072665,18-05-03-17-04-00.jpg
05/03/18 17:05:00,263,216,True,0.3436426116838488,18-05-03-17-05-00.jpg
05/03/18 17:07:00,272,401,True,0.29818181818181816,18-05-03-17-07-00.jpg
05/03/18 17:08:00,259,183,True,0.12937062937062938,18-05-03-17-08-00.jpg
05/03/18 17:09:00,247,261,True,0.5157894736842106,18-05-03-17-09-00.jpg
05/03/18 17:10:00,251,179,True,0.6055363321799307,18-05-03-17-10-00.jpg
05/03/18 17:11:00,268,244,True,0.2543554006968641,18-05-03-17-11-00.jpg
05/03/18 17:12:00,276,180,True,0.3741258741258741,18-05-03-17-12-00.jpg
05/03/18 17:13:00,258,179,True,0.24054982817869414,18-05-03-17-13-00.jpg
05/03/18 17:14:00,269,199,True,0.18620689655172412,18-05-03-17-14-00.jpg
05/03/18 17:15:00,259,192,True,0.24054982817869414,18-05-03-17-15-00.jpg
05/03/18 17:16:00,257,205,True,0.596551724137931,18-05-03-17-16-00.jpg
05/03/18 17:17:00,264,180,True,0.6411149825783972,18-05-03-17-17-00.jpg
05/03/18 17:18:00,279,213,True,0.3368055555555556,18-05-03-17-18-00.jpg
05/03/18 17:19:00,260,181,True,0.5224913494809689,18-05-03-17-19-00.jpg
05/03/18 17:20:00,255,487,True,0.5344827586206896,18-05-03-17-20-00.jpg
05/03/18 17:21:00,255,184,True,0.19243986254295534,18-05-03-17-21-00.jpg
05/03/18 17:22:00,279,195,True,0.4570446735395189,18-05-03-17-22-00.jpg
05/03/18 17:23:00,263,189,True,0.4738675958188153,18-05-03-17-23-00.jpg
05/03/18 17:24:00,254,179,True,0.1736111111111111,18-05-03-17-24-00.jpg
05/03/18 17:25:00,281,182,True,0.18213058419243985,18-05-03-17-25-00.jpg
05/03/18 17:26:00,259,193,True,0.8035087719298246,18-05-03-17-26-00.jpg
05/03/18 17:27:00,269,178,True,0.975609756097561,18-05-03-17-27-00.jpg
05/03/18 17:28:00,262,181,True,0.5910652920962199,18-05-03-17-28-00.jpg
05/03/18 17:29:00,257,230,True,0.5104895104895105,18-05-03-17-29-00.jpg
05/03/18 17:30:00,273,241,True,0.584192439862543,18-05-03-17-30-00.jpg
05/03/18 17:31:00,259,209,True,0.5241379310344828,18-05-03-17-31-00.jpg
05/03/18 17:32:00,251,467,True,1.5319148936170213,18-05-03-17-32-00.jpg
05/03/18 17:33:00,275,327,True,1.318996415770609,18-05-03-17-33-00.jpg
05/03/18 17:34:00,271,179,True,0.3391608391608392,18-05-03-17-34-00.jpg
05/03/18 17:35:00,271,195,True,0.8122743682310469,18-05-03-17-35-00.jpg
05/03/18 17:36:00,267,212,True,0.24054982817869414,18-05-03-17-36-00.jpg
05/03/18 17:37:00,276,193,True,0.2369337979094077,18-05-03-17-37-00.jpg
05/03/18 17:38:00,255,180,True,0.6193771626297578,18-05-03-17-38-00.jpg
05/03/18 17:39:00,273,250,True,0.3576388888888889,18-05-03-17-39-00.jpg
05/03/18 17:40:00,274,218,True,0.6048109965635738,18-05-03-17-40-00.jpg
05/03/18 17:41:00,250,378,True,0.696551724137931,18-05-03-17-41-00.jpg
05/03/18 17:42:00,255,211,True,0.3137931034482759,18-05-03-17-42-00.jpg
05/03/18 17:43:00,250,243,True,0.5719298245614035,18-05-03-17-43-00.jpg
05/03/18 17:44:00,271,430,True,0.7800687285223368,18-05-03-17-44-00.jpg
05/03/18 17:45:00,272,323,True,0.4982578397212544,18-05-03-17-45-00.jpg
05/03/18 17:46:00,255,402,True,0.32989690721649484,18-05-03-17-46-00.jpg
05/03/18 17:47:00,247,209,True,0.3175182481751825,18-05-03-17-47-00.jpg
05/03/18 17:48:00,257,180,True,0.2664359861591695,18-05-03-17-48-00.jpg
05/03/18 17:49:00,248,210,True,0.4201388888888889,18-05-03-17-49-00.jpg
05/03/18 17:50:00,259,358,True,0.5862068965517241,18-05-03-17-50-00.jpg
05/03/18 17:51:00,246,180,True,0.6491228070175439,18-05-03-17-51-00.jpg
05/03/18 17:52:00,273,199,True,0.7214285714285714,18-05-03-17-52-00.jpg
05/03/18 17:53:00,254,225,True,0.4070175438596491,18-05-03-17-53-00.jpg
05/03/18 17:54:00,249,180,True,0.4013840830449827,18-05-03-17-54-00.jpg
05/03/18 17:55:00,264,191,True,0.3264604810996564,18-05-03-17-55-00.jpg
05/03/18 17:56:00,275,365,True,0.2491349480968858,18-05-03-17-56-00.jpg
05/03/18 17:57:00,250,454,True,0.4775086505190311,18-05-03-17-57-00.jpg
05/03/18 17:58:00,247,237,False,0.0,18-05-03-17-58-00.jpg
05/03/18 17:59:00,275,317,True,0.02564102564102564,18-05-03-17-59-00.jpg
05/03/18 18:00:00,264,491,True,0.5413793103448276,18-05-03-18-00-00.jpg
05/03/18 18:01:00,250,534,True,0.8178694158075601,18-05-03-18-01-00.jpg
05/03/18 18:02:00,252,312,True,0.31958762886597936,18-05-03-18-02-00.jpg
05/03/18 18:03:00,275,181,False,0.0,18-05-03-18-03-00.jpg
05/03/18 18:04:00,248,181,False,0.0,18-05-03-18-04-00.jpg
05/03/18 18:05:00,259,179,False,0.0,18-05-03-18-05-00.jpg
05/03/18 18:06:00,252,210,False,0.0,18-05-03-18-06-00.jpg
05/03/18 18:07:00,257,523,False,0.0,18-05-03-18-07-00.jpg
05/03/18 18:08:00,248,180,False,0.0,18-05-03-18-08-00.jpg
05/03/18 18:09:00,276,330,False,0.0,18-05-03-18-09-00.jpg
05/03/18 18:10:00,250,181,False,0.0,18-05-03-18-10-00.jpg
05/03/18 18:11:00,270,243,False,0.0,18-05-03-18-11-00.jpg
05/03/18 18:12:00,271,514,False,0.0,18-05-03-18-12-00.jpg
05/03/18 18:13:00,274,227,False,0.0,18-05-03-18-13-00.jpg
05/03/18 18:14:00,277,417,False,0.0,18-05-03-18-14-00.jpg
05/03/18 18:15:00,263,237,False,0.0,18-05-03-18-15-00.jpg
05/03/18 18:16:00,246,222,False,0.0,18-05-03-18-16-00.jpg
05/03/18 18:17:00,258,386,False,0.0,18-05-03-18-17-00.jpg
05/03/18 18:18:00,276,217,False,0.0,18-05-03-18-18-00.jpg
05/03/18 18:19:00,265,223,False,0.0,18-05-03-18-19-00.jpg
05/03/18 18:20:00,253,179,False,0.0,18-05-03-18-20-00.jpg
05/03/18 18:21:00,247,216,False,0.0,18-05-03-18-21-00.jpg
05/03/18 18:22:00,268,300,False,0.0,18-05-03-18-22-00.jpg
05/03/18 18:23:00,245,180,False,0.0,18-05-03-18-23-00.jpg
05/03/18 18:24:00,248,207,False,0.0,18-05-03-18-24-00.jpg
05/03/18 18:25:00,269,199,False,0.0,18-05-03-18-25-00.jpg
05/03/18 18:26:00,271,498,False,0.0,18-05-03-18-26-00.jpg
05/03/18 18:27:00,273,539,False,0.0,18-05-03-18-27-00.jpg
05/03/18 18:28:00,258,482,False,0.0,18-05-03-18-28-00.jpg
05/03/18 18:29:00,252,495,False,0.0,18-05-03-18-29-00.jpg
05/03/18 18:30:00,273,249,False,0.0,18-05-03-18-30-00.jpg
05/03/18 18:31:00,255,224,False,0.0,18-05-03-18-31-00.jpg
05/03/18 18:32:00,262,387,False,0.0,18-05-03-18-32-00.jpg
05/03/18 18:33:00,274,228,False,0.0,18-05-03-18-33-00.jpg
05/03/18 18:34:00,274,346,False,0.0,18-05-03-18-34-00.jpg
05/03/18 18:35:00,243,300,False,0.0,18-05-03-18-35-00.jpg
05/03/18 18:36:00,246,179,False,0.0,18-05-03-18-36-00.jpg
05/03/18 18:37:00,255,241,False,0.0,18-05-03-18-37-00.jpg
05/03/18 18:38:00,247,391,False,0.0,18-05-03-18-38-00.jpg
05/03/18 18:39:00,257,372,False,0.0,18-05-03-18-39-00.jpg
05/03/18 18:40:00,244,275,False,0.0,18-05-03-18-40-00.jpg
05/03/18 18:41:00,271,484,False,0.0,18-05-03-18-41-00.jpg
05/03/18 18:42:00,270,362,False,0.0,18-05-03-18-42-00.jpg
05/03/18 18:43:00,265,252,False,0.0,18-05-03-18-43-00.jpg
05/03/18 18:44:00,245,341,False,0.0,18-05-03-18-44-00.jpg
05/03/18 18:45:00,264,228,False,0.0,18-05-03-18-45-00.jpg
05/03/18 18:46:00,273,178,False,0.0,18-05-03-18-46-00.jpg
05/03/18 18:47:00,272,450,False,0.0,18-05-03-18-47-00.jpg
05/03/18 18:48:00,247,179,False,0.0,18-05-03-18-48-00.jpg
05/03/18 18:49:00,255,282,False,0.0,18-05-03-18-49-00.jpg
05/03/18 18:50:00,267,345,False,0.0,18-05-03-18-50-00.jpg
05/03/18 18:51:00,274,180,False,0.0,18-05-03-18-51-00.jpg
05/03/18 18:52:00,269,248,False,0.0,18-05-03-18-52-00.jpg
05/03/18 18:53:00,249,209,False,0.0,18-05-03-18-53-00.jpg
05/03/18 18:54:00,273,461,False,0.0,18-05-03-18-54-00.jpg
05/03/18 18:55:00,252,415,False,0.0,18-05-03-18-55-00.jpg
05/03/18 18:56:00,270,202,False,0.0,18-05-03-18-56-00.jpg
05/03/18 18:57:00,247,360,False,0.0,18-05-03-18-57-00.jpg
05/03/18 18:58:00,248,321,False,0.0,18-05-03-18-58-00.jpg
05/03/18 18:59:00,265,455,False,0.0,18-05-03-18-59-00.jpg
05/03/18 19:00:00,244,227,False,0.0,18-05-03-19-00-00.jpg
05/03/18 19:01:00,255,178,False,0.0,18-05-03-19-01-00.jpg
05/03/18 19:02:00,270,222,False,0.0,18-05-03-19-02-00.jpg
05/03/18 19:03:00,246,438,False,0.0,18-05-03-19-03-00.jpg
05/03/18 19:04:00,264,259,False,0.0,18-05-03-19-04-00.jpg
05/03/18 19:05:00,244,320,False,0.0,18-05-03-19-05-00.jpg
05/03/18 19:06:00,253,594,False,0.0,18-05-03-19-06-00.jpg
05/03/18 19:07:00,259,180,False,0.0,18-05-03-19-07-00.jpg
05/03/18 19:08:00,265,218,False,0.0,18-05-03-19-08-00.jpg
05/03/18 19:09:00,258,268,False,0.0,18-05-03-19-09-00.jpg
05/03/18 19:10:00,259,206,False,0.0,18-05-03-19-10-00.jpg
05/03/18 19:11:00,253,359,False,0.0,18-05-03-19-11-00.jpg
05/03/18 19:12:00,259,225,False,0.0,18-05-03-19-12-00.jpg
05/03/18 19:13:00,270,177,False,0.0,18-05-03-19-13-00.jpg
05/03/18 19:14:00,258,220,False,0.0,18-05-03-19-14-00.jpg
05/03/18 19:15:00,249,241,False,0.0,18-05-03-19-15-00.jpg
05/03/18 19:16:00,258,189,False,0.0,18-05-03-19-16-00.jpg
05/03/18 19:17:00,249,214,False,0.0,18-05-03-19-17-00.jpg
05/03/18 19:18:00,262,392,True,0.09540636042402828,18-05-03-19-18-00.jpg
05/03/18 19:19:00,269,382,True,0.18309859154929575,18-05-03-19-19-00.jpg
05/03/18 19:20:00,243,199,False,0.0,18-05-03-19-20-00.jpg
05/03/18 19:21:00,271,327,True,0.006920415224913495,18-05-03-19-21-00.jpg
05/03/18 19:22:00,247,206,True,0.0034602076124567475,18-05-03-19-22-00.jpg
05/03/18 19:23:00,271,182,False,0.0,18-05-03-19-23-00.jpg
05/03/18 19:24:00,254,265,True,0.09621993127147767,18-05-03-19-24-00.jpg
05/03/18 19:25:00,274,466,True,0.06944444444444445,18-05-03-19-25-00.jpg
05/03/18 19:26:00,271,177,True,0.013888888888888888,18-05-03-19-26-00.jpg
05/03/18 19:27:00,253,423,False,0.0,18-05-03-19-27-00.jpg
05/03/18 19:28:00,258,419,True,0.1978798586572438,18-05-03-19-28-00.jpg
05/03/18 19:29:00,244,274,True,0.03819444444444445,18-05-03-19-29-00.jpg
05/03/18 19:30:00,252,379,False,0.0,18-05-03-19-30-00.jpg
05/03/18 19:31:00,246,438,False,0.0,18-05-03-19-31-00.jpg
05/03/18 19:32:00,271,217,False,0.0,18-05-03-19-32-00.jpg
05/03/18 19:33:00,255,448,False,0.0,18-05-03-19-33-00.jpg
05/03/18 19:34:00,243,241,True,0.1166077738515901,18-05-03-19-34-00.jpg
05/03/18 19:35:00,245,180,True,0.3436426116838488,18-05-03-19-35-00.jpg
05/03/18 19:36:00,254,479,True,0.03103448275862069,18-05-03-19-36-00.jpg
05/03/18 19:37:00,243,180,True,0.010526315789473684,18-05-03-19-37-00.jpg
05/03/18 19:38:00,270,250,False,0.0,18-05-03-19-38-00.jpg
05/03/18 19:39:00,251,497,True,0.003484320557491289,18-05-03-19-39-00.jpg
05/03/18 19:40:00,257,409,True,0.010344827586206895,18-05-03-19-40-00.jpg
05/03/18 19:41:00,257,297,True,0.02083333333333333,18-05-03-19-41-00.jpg
05/03/18 19:42:00,246,202,True,0.2937062937062937,18-05-03-19-42-00.jpg
05/03/18 19:43:00,255,444,False,0.0,18-05-03-19-43-00.jpg
05/03/18 19:44:00,265,181,False,0.0,18-05-03-19-44-00.jpg
05/03/18 19:45:00,267,289,False,0.0,18-05-03-19-45-00.jpg
05/03/18 19:46:00,263,205,False,0.0,18-05-03-19-46-00.jpg
05/03/18 19:47:00,269,328,False,0.0,18-05-03-19-47-00.jpg
05/03/18 19:48:00,254,191,False,0.0,18-05-03-19-48-00.jpg
05/03/18 19:49:00,244,239,False,0.0,18-05-03-19-49-00.jpg
05/03/18 19:50:00,266,237,True,0.07931034482758621,18-05-03-19-50-00.jpg
05/03/18 19:51:00,260,343,False,0.0,18-05-03-19-51-00.jpg
05/03/18 19:52:00,261,346,True,0.07612456747404844,18-05-03-19-52-00.jpg
05/03/18 19:53:00,242,205,True,0.5833333333333334,18-05-03-19-53-00.jpg
05/03/18 19:54:00,252,181,True,0.12152777777777778,18-05-03-19-54-00.jpg
05/03/18 19:55:00,267,332,True,0.08304498269896192,18-05-03-19-55-00.jpg
05/03/18 19:56:00,260,202,True,0.07042253521126761,18-05-03-19-56-00.jpg
05/03/18 19:57:00,242,182,False,0.0,18-05-03-19-57-00.jpg
05/03/18 19:58:00,245,258,False,0.0,18-05-03-19-58-00.jpg
05/03/18 19:59:00,251,456,False,0.0,18-05-03-19-59-00.jpg
05/03/18 20:01:00,244,180,False,0.0,18-05-03-20-01-00.jpg
05/03/18 20:02:00,270,465,True,0.42560553633218,18-05-03-20-02-00.jpg
05/03/18 20:03:00,255,180,True,0.9381443298969072,18-05-03-20-03-00.jpg
05/03/18 20:04:00,252,383,True,0.6906474820143885,18-05-03-20-04-00.jpg
05/03/18 20:05:00,242,280,True,0.30927835051546393,18-05-03-20-05-00.jpg
05/03/18 20:06:00,248,178,True,0.07560137457044673,18-05-03-20-06-00.jpg
05/03/18 20:07:00,241,399,True,0.8838028169014085,18-05-03-20-07-00.jpg
05/03/18 20:08:00,254,239,True,0.3754385964912281,18-05-03-20-08-00.jpg
05/03/18 20:09:00,249,180,True,0.20701754385964916,18-05-03-20-09-00.jpg
05/03/18 20:10:00,247,215,True,0.4893617021276596,18-05-03-20-10-00.jpg
05/03/18 20:11:00,241,216,True,1.718213058419244,18-05-03-20-11-00.jpg
05/03/18 20:12:00,252,182,True,2.3229166666666665,18-05-03-20-12-00.jpg
05/03/18 20:13:00,263,361,True,2.2491103202846974,18-05-03-20-13-00.jpg
05/03/18 20:14:00,263,390,True,1.8391608391608392,18-05-03-20-14-00.jpg
05/03/18 20:15:00,263,243,True,1.6068965517241383,18-05-03-20-15-00.jpg
05/03/18 20:16:00,239,178,True,0.8650519031141869,18-05-03-20-16-00.jpg
05/03/18 20:17:00,244,178,True,0.34494773519163763,18-05-03-20-17-00.jpg
05/03/18 20:18:00,236,246,True,0.9469964664310954,18-05-03-20-18-00.jpg
05/03/18 20:19:00,236,462,True,0.5192982456140349,18-05-03-20-19-00.jpg
05/03/18 20:20:00,255,433,True,0.4344827586206896,18-05-03-20-20-00.jpg
05/03/18 20:21:00,255,215,True,0.7465277777777778,18-05-03-20-21-00.jpg
05/03/18 20:22:00,261,234,True,0.5763888888888888,18-05-03-20-22-00.jpg
05/03/18 20:23:00,237,227,True,0.3202846975088968,18-05-03-20-23-00.jpg
05/03/18 20:24:00,260,387,True,0.5017182130584192,18-05-03-20-24-00.jpg
05/03/18 20:25:00,250,179,True,0.4716312056737589,18-05-03-20-25-00.jpg
05/03/18 20:26:00,235,339,True,0.6192170818505338,18-05-03-20-26-00.jpg
05/03/18 20:27:00,263,187,True,0.33797909407665505,18-05-03-20-27-00.jpg
05/03/18 20:28:00,239,277,True,0.4517241379310345,18-05-03-20-28-00.jpg
05/03/18 20:29:00,259,348,True,0.7247386759581882,18-05-03-20-29-00.jpg
05/03/18 20:30:00,242,181,True,0.5943060498220639,18-05-03-20-30-00.jpg
05/03/18 20:31:00,261,264,True,1.4517241379310344,18-05-03-20-31-00.jpg
05/03/18 20:32:00,246,252,True,1.1482758620689657,18-05-03-20-32-00.jpg
05/03/18 20:33:00,250,374,True,0.5505226480836237,18-05-03-20-33-00.jpg
05/03/18 20:34:00,238,178,True,0.7269503546099291,18-05-03-20-34-00.jpg
05/03/18 20:35:00,253,238,True,0.4845360824742268,18-05-03-20-35-00.jpg
05/03/18 20:36:00,258,229,True,0.5277777777777778,18-05-03-20-36-00.jpg
05/03/18 20:37:00,247,447,True,2.08029197080292,18-05-03-20-37-00.jpg
05/03/18 20:38:00,243,221,True,1.8206896551724137,18-05-03-20-38-00.jpg
05/03/18 20:40:00,246,224,True,1.1321428571428571,18-05-03-20-40-00.jpg
05/03/18 20:41:00,252,248,True,0.8153310104529616,18-05-03-20-41-00.jpg
05/03/18 20:42:00,243,496,True,0.5559440559440559,18-05-03-20-42-00.jpg
05/03/18 20:43:00,257,180,True,0.7663230240549829,18-05-03-20-43-00.jpg
05/03/18 20:44:00,245,208,True,0.8719723183391004,18-05-03-20-44-00.jpg
05/03/18 20:45:00,255,184,True,0.6827586206896552,18-05-03-20-45-00.jpg
05/03/18 20:46:00,257,254,True,0.5659722222222222,18-05-03-20-46-00.jpg
05/03/18 20:47:00,263,180,True,0.7456445993031359,18-05-03-20-47-00.jpg
05/03/18 20:48:00,242,181,True,1.6666666666666667,18-05-03-20-48-00.jpg
05/03/18 20:49:00,261,218,True,1.6749116607773848,18-05-03-20-49-00.jpg
05/03/18 20:50:00,244,259,True,1.1972318339100343,18-05-03-20-50-00.jpg
05/03/18 20:51:00,258,239,True,1.11340206185567,18-05-03-20-51-00.jpg
05/03/18 20:52:00,255,183,True,1.0766550522648084,18-05-03-20-52-00.jpg
05/03/18 20:53:00,258,540,True,1.0034722222222223,18-05-03-20-53-00.jpg
05/03/18 20:54:00,239,225,True,0.7024221453287197,18-05-03-20-54-00.jpg
05/03/18 20:55:00,262,179,True,1.2758620689655171,18-05-03-20-55-00.jpg
05/03/18 20:56:00,260,270,True,0.7906137184115524,18-05-03-20-56-00.jpg
05/03/18 20:57:00,245,453,True,1.0515463917525774,18-05-03-20-57-00.jpg
05/03/18 20:58:00,259,231,True,1.0905923344947734,18-05-03-20-58-00.jpg
05/03/18 20:59:00,243,368,True,0.9312714776632304,18-05-03-20-59-00.jpg
05/03/18 21:00:00,240,357,True,1.7777777777777777,18-05-03-21-00-00.jpg
05/03/18 21:01:00,236,179,True,0.6494845360824743,18-05-03-21-01-00.jpg
05/03/18 21:02:00,234,443,True,0.8034482758620691,18-05-03-21-02-00.jpg
05/03/18 21:03:00,254,250,True,0.6975088967971529,18-05-03-21-03-00.jpg
05/03/18 21:04:00,233,445,True,1.2076124567474051,18-05-03-21-04-00.jpg
05/03/18 21:05:00,257,181,True,1.6070175438596492,18-05-03-21-05-00.jpg
05/03/18 21:06:00,255,326,True,1.0842105263157895,18-05-03-21-06-00.jpg
05/03/18 21:07:00,248,255,True,1.7403508771929823,18-05-03-21-07-00.jpg
05/03/18 21:08:00,250,243,True,1.8096885813148789,18-05-03-21-08-00.jpg
05/03/18 21:09:00,254,180,True,1.9929577464788728,18-05-03-21-09-00.jpg
05/03/18 21:10:00,236,231,True,1.4076655052264808,18-05-03-21-10-00.jpg
05/03/18 21:11:00,238,249,True,1.2283737024221453,18-05-03-21-11-00.jpg
05/03/18 21:12:00,250,190,True,1.4930069930069931,18-05-03-21-12-00.jpg
05/03/18 21:13:00,234,437,True,0.7062937062937062,18-05-03-21-13-00.jpg
05/03/18 21:14:00,243,318,True,1.1056338028169015,18-05-03-21-14-00.jpg
05/03/18 21:15:00,235,343,True,0.8541666666666666,18-05-03-21-15-00.jpg
05/03/18 21:16:00,255,182,True,1.0104166666666667,18-05-03-21-16-00.jpg
05/03/18 21:17:00,235,180,True,1.027681660899654,18-05-03-21-17-00.jpg
05/03/18 21:18:00,239,279,True,0.6097560975609756,18-05-03-21-18-00.jpg
05/03/18 21:19:00,239,180,True,1.063157894736842,18-05-03-21-19-00.jpg
05/03/18 21:20:00,265,194,True,1.1010452961672474,18-05-03-21-20-00.jpg
05/03/18 21:21:00,241,343,True,1.0206185567010309,18-05-03-21-21-00.jpg
05/03/18 21:22:00,249,202,True,1.1965517241379309,18-05-03-21-22-00.jpg
05/03/18 21:23:00,232,504,True,1.4758620689655173,18-05-03-21-23-00.jpg
05/03/18 21:24:00,255,595,True,1.5017543859649125,18-05-03-21-24-00.jpg
05/03/18 21:25:00,234,180,True,1.0139372822299653,18-05-03-21-25-00.jpg
05/03/18 21:26:00,254,180,True,1.8790035587188607,18-05-03-21-26-00.jpg
05/03/18 21:27:00,238,222,True,1.3379310344827586,18-05-03-21-27-00.jpg
05/03/18 21:28:00,250,620,True,2.0320284697508897,18-05-03-21-28-00.jpg
05/03/18 21:29:00,261,187,True,1.8339222614840989,18-05-03-21-29-00.jpg
05/03/18 21:30:00,247,221,True,2.0701754385964914,18-05-03-21-30-00.jpg
05/03/18 21:31:00,235,209,True,1.7132867132867131,18-05-03-21-31-00.jpg
05/03/18 21:32:00,255,331,True,1.8469750889679717,18-05-03-21-32-00.jpg
05/03/18 21:33:00,260,193,True,1.3506944444444444,18-05-03-21-33-00.jpg
05/03/18 21:34:00,238,179,True,1.7657342657342658,18-05-03-21-34-00.jpg
05/03/18 21:35:00,243,182,True,1.4879725085910651,18-05-03-21-35-00.jpg
05/03/18 21:36:00,248,207,True,1.2783505154639174,18-05-03-21-36-00.jpg
05/03/18 21:37:00,258,182,True,0.9243986254295532,18-05-03-21-37-00.jpg
05/03/18 21:38:00,260,404,True,1.0965517241379308,18-05-03-21-38-00.jpg
05/03/18 21:39:00,245,263,True,1.2405498281786942,18-05-03-21-39-00.jpg
05/03/18 21:40:00,237,198,True,1.2783505154639174,18-05-03-21-40-00.jpg
05/03/18 21:41:00,255,483,True,1.4586206896551723,18-05-03-21-41-00.jpg
05/03/18 21:42:00,253,184,True,1.4020618556701032,18-05-03-21-42-00.jpg
05/03/18 21:43:00,243,609,True,0.986159169550173,18-05-03-21-43-00.jpg
05/03/18 21:44:00,243,244,True,1.6219931271477663,18-05-03-21-44-00.jpg
05/03/18 21:45:00,245,323,True,1.0517241379310345,18-05-03-21-45-00.jpg
05/03/18 21:46:00,240,233,True,1.643598615916955,18-05-03-21-46-00.jpg
05/03/18 21:47:00,268,493,True,1.1649122807017545,18-05-03-21-47-00.jpg
05/03/18 21:48:00,249,180,True,1.111888111888112,18-05-03-21-48-00.jpg
05/03/18 21:49:00,242,198,True,0.6851211072664359,18-05-03-21-49-00.jpg
05/03/18 21:50:00,243,458,True,1.3470790378006874,18-05-03-21-50-00.jpg
05/03/18 21:51:00,240,235,True,1.2783505154639174,18-05-03-21-51-00.jpg
05/03/18 21:52:00,247,449,True,1.713768115942029,18-05-03-21-52-00.jpg
05/03/18 21:53:00,244,549,True,1.393103448275862,18-05-03-21-53-00.jpg
05/03/18 21:54:00,255,179,True,1.3287197231833907,18-05-03-21-54-00.jpg
05/03/18 21:55:00,239,241,True,0.8831615120274914,18-05-03-21-55-00.jpg
05/03/18 21:56:00,260,611,True,1.0207612456747406,18-05-03-21-56-00.jpg
05/03/18 21:57:00,254,180,True,1.9166666666666667,18-05-03-21-57-00.jpg
05/03/18 21:58:00,259,191,True,1.2857142857142858,18-05-03-21-58-00.jpg
05/03/18 21:59:00,246,331,True,1.1443298969072164,18-05-03-21-59-00.jpg
05/03/18 22:00:00,255,254,True,1.0412371134020622,18-05-03-22-00-00.jpg
05/03/18 22:01:00,245,275,True,1.075601374570447,18-05-03-22-01-00.jpg
05/03/18 22:02:00,261,178,True,1.5051546391752575,18-05-03-22-02-00.jpg
05/03/18 22:03:00,238,250,True,1.4776632302405501,18-05-03-22-03-00.jpg
05/03/18 22:04:00,258,276,True,1.5395189003436427,18-05-03-22-04-00.jpg
05/03/18 22:05:00,251,183,True,1.9175257731958764,18-05-03-22-05-00.jpg
05/03/18 22:06:00,238,627,True,1.3044982698961938,18-05-03-22-06-00.jpg
05/03/18 22:07:00,238,243,True,1.649484536082474,18-05-03-22-07-00.jpg
05/03/18 22:08:00,245,387,True,1.281786941580756,18-05-03-22-08-00.jpg
05/03/18 22:09:00,262,249,True,1.1522491349480968,18-05-03-22-09-00.jpg
05/03/18 22:10:00,244,187,True,0.7525773195876289,18-05-03-22-10-00.jpg
05/03/18 22:11:00,242,180,True,0.5773195876288659,18-05-03-22-11-00.jpg
05/03/18 22:12:00,237,498,True,1.206896551724138,18-05-03-22-12-00.jpg
05/03/18 22:13:00,266,244,True,1.4722222222222223,18-05-03-22-13-00.jpg
05/03/18 22:14:00,258,332,True,1.8006872852233675,18-05-03-22-14-00.jpg
05/03/18 22:15:00,244,238,True,1.3636363636363635,18-05-03-22-15-00.jpg
05/03/18 22:16:00,254,258,True,1.1153846153846154,18-05-03-22-16-00.jpg
05/03/18 22:17:00,259,206,True,1.203448275862069,18-05-03-22-17-00.jpg
05/03/18 22:18:00,239,440,True,1.5017182130584192,18-05-03-22-18-00.jpg
05/03/18 22:19:00,265,264,True,1.8413793103448275,18-05-03-22-19-00.jpg
05/03/18 22:20:00,251,239,True,1.3,18-05-03-22-20-00.jpg
05/03/18 22:21:00,245,445,True,1.6219931271477663,18-05-03-22-21-00.jpg
05/03/18 22:22:00,251,494,True,1.2241379310344829,18-05-03-22-22-00.jpg
05/03/18 22:23:00,244,215,True,0.9688581314878892,18-05-03-22-23-00.jpg
05/03/18 22:24:00,242,452,True,1.1310344827586207,18-05-03-22-24-00.jpg
05/03/18 22:25:00,238,178,True,0.5909090909090909,18-05-03-22-25-00.jpg
05/03/18 22:26:00,239,353,True,0.8356643356643356,18-05-03-22-26-00.jpg
05/03/18 22:27:00,265,182,True,1.0839160839160842,18-05-03-22-27-00.jpg
05/03/18 22:28:00,248,181,True,1.1850533807829182,18-05-03-22-28-00.jpg
05/03/18 22:29:00,260,415,True,1.3229166666666667,18-05-03-22-29-00.jpg
05/03/18 22:30:00,265,320,True,0.8456140350877193,18-05-03-22-30-00.jpg
05/03/18 22:31:00,265,381,True,1.073426573426573,18-05-03-22-31-00.jpg
05/03/18 22:32:00,250,411,True,0.9684210526315791,18-05-03-22-32-00.jpg
05/03/18 22:33:00,265,523,True,1.3287197231833907,18-05-03-22-33-00.jpg
05/03/18 22:34:00,255,178,True,1.2271062271062272,18-05-03-22-34-00.jpg
05/03/18 22:35:00,262,348,True,2.0069204152249136,18-05-03-22-35-00.jpg
05/03/18 22:36:00,239,312,True,1.2361111111111112,18-05-03-22-36-00.jpg
05/03/18 22:37:00,267,192,True,1.3461538461538465,18-05-03-22-37-00.jpg
05/03/18 22:38:00,265,180,True,1.243986254295533,18-05-03-22-38-00.jpg
05/03/18 22:39:00,239,456,True,1.2254545454545454,18-05-03-22-39-00.jpg
05/03/18 22:40:00,261,212,True,1.2852233676975946,18-05-03-22-40-00.jpg
05/03/18 22:41:00,265,252,True,0.3655172413793104,18-05-03-22-41-00.jpg
05/03/18 22:42:00,239,246,True,0.4481481481481481,18-05-03-22-42-00.jpg
05/03/18 22:43:00,241,266,True,0.8339222614840992,18-05-03-22-43-00.jpg
05/03/18 22:44:00,262,231,True,1.4602076124567474,18-05-03-22-44-00.jpg
05/03/18 22:45:00,265,177,True,2.086805555555556,18-05-03-22-45-00.jpg
05/03/18 22:46:00,251,426,True,1.8233215547703179,18-05-03-22-46-00.jpg
05/03/18 22:47:00,243,279,True,0.8615916955017301,18-05-03-22-47-00.jpg
05/03/18 22:48:00,245,478,True,0.7465277777777778,18-05-03-22-48-00.jpg
05/03/18 22:49:00,244,364,True,0.3931034482758621,18-05-03-22-49-00.jpg
05/03/18 22:50:00,258,411,True,0.5069444444444444,18-05-03-22-50-00.jpg
05/03/18 22:51:00,265,177,True,0.3898916967509025,18-05-03-22-51-00.jpg
05/03/18 22:52:00,252,245,True,0.4072727272727273,18-05-03-22-52-00.jpg
05/03/18 22:53:00,263,395,True,0.5833333333333334,18-05-03-22-53-00.jpg
05/03/18 22:54:00,243,180,True,0.4965034965034965,18-05-03-22-54-00.jpg
05/03/18 22:55:00,239,478,True,0.4895833333333333,18-05-03-22-55-00.jpg
05/03/18 22:56:00,266,237,True,0.6666666666666666,18-05-03-22-56-00.jpg
05/03/18 22:57:00,244,433,True,1.0446735395189004,18-05-03-22-57-00.jpg
05/03/18 22:58:00,264,194,True,0.7137931034482758,18-05-03-22-58-00.jpg
05/03/18 22:59:00,247,178,True,0.8853046594982079,18-05-03-22-59-00.jpg
05/03/18 23:00:00,263,194,True,0.37809187279151946,18-05-03-23-00-00.jpg
05/03/18 23:01:00,269,179,True,1.5123674911660778,18-05-03-23-01-00.jpg
05/03/18 23:02:00,258,354,True,1.1418685121107266,18-05-03-23-02-00.jpg
05/03/18 23:03:00,251,276,True,0.3684210526315789,18-05-03-23-03-00.jpg
05/03/18 23:04:00,260,530,True,0.4379310344827586,18-05-03-23-04-00.jpg
05/03/18 23:05:00,239,629,True,1.2518518518518518,18-05-03-23-05-00.jpg
05/03/18 23:06:00,241,530,True,0.8235294117647058,18-05-03-23-06-00.jpg
05/03/18 23:07:00,254,385,True,0.1896551724137931,18-05-03-23-07-00.jpg
05/03/18 23:08:00,269,313,True,0.6083916083916084,18-05-03-23-08-00.jpg
05/03/18 23:09:00,269,362,True,0.8873239436619719,18-05-03-23-09-00.jpg
05/03/18 23:10:00,247,248,True,0.6840277777777778,18-05-03-23-10-00.jpg
05/03/18 23:11:00,251,180,True,0.6151202749140894,18-05-03-23-11-00.jpg
05/03/18 23:12:00,245,257,True,0.6724137931034483,18-05-03-23-12-00.jpg
05/03/18 23:13:00,245,222,True,0.2326388888888889,18-05-03-23-13-00.jpg
05/03/18 23:14:00,239,224,True,0.17605633802816897,18-05-03-23-14-00.jpg
05/03/18 23:15:00,260,249,True,0.4909747292418773,18-05-03-23-15-00.jpg
05/03/18 23:16:00,243,243,True,0.8694158075601375,18-05-03-23-16-00.jpg
05/03/18 23:17:00,243,471,True,0.7862068965517242,18-05-03-23-17-00.jpg
05/03/18 23:18:00,247,262,True,1.041958041958042,18-05-03-23-18-00.jpg
05/03/18 23:19:00,251,235,True,1.3161512027491409,18-05-03-23-19-00.jpg
05/03/18 23:20:00,270,182,True,0.5419580419580421,18-05-03-23-20-00.jpg
05/03/18 23:21:00,259,180,True,0.4513888888888889,18-05-03-23-21-00.jpg
05/03/18 23:22:00,244,478,True,0.010344827586206895,18-05-03-23-22-00.jpg
05/03/18 23:23:00,250,210,False,0.0,18-05-03-23-23-00.jpg
05/03/18 23:24:00,268,362,True,0.5734265734265734,18-05-03-23-24-00.jpg
05/03/18 23:25:00,242,486,True,0.4931034482758621,18-05-03-23-25-00.jpg
05/03/18 23:26:00,268,237,True,0.18055555555555555,18-05-03-23-26-00.jpg
05/03/18 23:27:00,262,232,True,0.3958333333333333,18-05-03-23-27-00.jpg
05/03/18 23:28:00,243,202,True,0.013888888888888888,18-05-03-23-28-00.jpg
05/03/18 23:29:00,267,312,True,0.010344827586206895,18-05-03-23-29-00.jpg
05/03/18 23:30:00,250,249,False,0.0,18-05-03-23-30-00.jpg
05/03/18 23:31:00,266,277,True,0.003508771929824561,18-05-03-23-31-00.jpg
05/03/18 23:32:00,257,424,True,0.017241379310344827,18-05-03-23-32-00.jpg
05/03/18 23:33:00,243,371,False,0.0,18-05-03-23-33-00.jpg
05/03/18 23:34:00,266,259,False,0.0,18-05-03-23-34-00.jpg
05/03/18 23:35:00,266,391,False,0.0,18-05-03-23-35-00.jpg
05/03/18 23:36:00,255,397,False,0.0,18-05-03-23-36-00.jpg
05/03/18 23:37:00,258,422,True,0.2682926829268293,18-05-03-23-37-00.jpg
05/03/18 23:38:00,261,531,True,0.5536332179930796,18-05-03-23-38-00.jpg
05/03/18 23:39:00,263,236,True,0.28771929824561404,18-05-03-23-39-00.jpg
05/03/18 23:40:00,252,252,True,0.08214285714285714,18-05-03-23-40-00.jpg
05/03/18 23:41:00,245,408,False,0.0,18-05-03-23-41-00.jpg
05/03/18 23:42:00,266,228,True,0.017301038062283742,18-05-03-23-42-00.jpg
05/03/18 23:43:00,246,178,True,0.09859154929577464,18-05-03-23-43-00.jpg
05/03/18 23:44:00,265,429,True,0.017482517482517484,18-05-03-23-44-00.jpg
05/03/18 23:45:00,255,228,True,0.006968641114982578,18-05-03-23-45-00.jpg
05/03/18 23:46:00,263,284,False,0.0,18-05-03-23-46-00.jpg
05/03/18 23:47:00,267,271,True,0.03169014084507042,18-05-03-23-47-00.jpg
05/03/18 23:48:00,246,350,True,0.04482758620689655,18-05-03-23-48-00.jpg
05/03/18 23:49:00,247,425,True,0.5277777777777778,18-05-03-23-49-00.jpg
05/03/18 23:50:00,269,344,True,0.48601398601398604,18-05-03-23-50-00.jpg
05/03/18 23:51:00,246,180,False,0.0,18-05-03-23-51-00.jpg
05/03/18 23:52:00,250,403,True,0.3758620689655172,18-05-03-23-52-00.jpg
05/03/18 23:53:00,259,421,True,0.5463917525773195,18-05-03-23-53-00.jpg
05/03/18 23:54:00,250,184,True,0.07342657342657342,18-05-03-23-54-00.jpg
05/03/18 23:55:00,239,565,True,0.010452961672473868,18-05-03-23-55-00.jpg
05/03/18 23:56:00,258,179,True,0.059027777777777776,18-05-03-23-56-00.jpg
05/03/18 23:57:00,268,257,True,0.04166666666666666,18-05-03-23-57-00.jpg
05/03/18 23:58:00,259,493,True,0.07553956834532374,18-05-03-23-58-00.jpg
05/03/18 23:59:00,241,241,True,0.05154639175257732,18-05-03-23-59-00.jpg
05/04/18 00:00:00,265,239,True,0.12152777777777778,18-05-04-00-00-00.jpg
05/04/18 00:01:00,267,366,True,0.06896551724137931,18-05-04-00-01-00.jpg
05/04/18 00:02:00,268,212,True,0.14634146341463414,18-05-04-00-02-00.jpg
05/04/18 00:03:00,269,243,False,0.0,18-05-04-00-03-00.jpg
05/04/18 00:04:00,269,265,True,0.5724381625441696,18-05-04-00-04-00.jpg
05/04/18 00:05:00,267,230,True,0.30141843971631205,18-05-04-00-05-00.jpg
05/04/18 00:06:00,244,266,True,0.03793103448275862,18-05-04-00-06-00.jpg
05/04/18 00:07:00,241,366,True,0.03448275862068965,18-05-04-00-07-00.jpg
05/04/18 00:08:00,252,218,True,0.0313588850174216,18-05-04-00-08-00.jpg
05/04/18 00:09:00,268,449,True,0.05154639175257732,18-05-04-00-09-00.jpg
05/04/18 00:10:00,245,221,True,0.25,18-05-04-00-10-00.jpg
05/04/18 00:11:00,245,518,True,0.11805555555555555,18-05-04-00-11-00.jpg
05/04/18 00:12:00,255,218,True,0.30662020905923343,18-05-04-00-12-00.jpg
05/04/18 00:13:00,247,217,True,0.1879432624113475,18-05-04-00-13-00.jpg
05/04/18 00:14:00,258,180,False,0.0,18-05-04-00-14-00.jpg
05/04/18 00:15:00,253,473,False,0.0,18-05-04-00-15-00.jpg
05/04/18 00:16:00,245,209,True,0.25951557093425603,18-05-04-00-16-00.jpg
05/04/18 00:17:00,259,463,True,0.05614035087719298,18-05-04-00-17-00.jpg
05/04/18 00:18:00,259,239,True,0.027777777777777776,18-05-04-00-18-00.jpg
05/04/18 00:19:00,245,530,True,0.010344827586206895,18-05-04-00-19-00.jpg
05/04/18 00:20:00,249,345,False,0.0,18-05-04-00-20-00.jpg
05/04/18 00:21:00,245,224,False,0.0,18-05-04-00-21-00.jpg
05/04/18 00:22:00,266,379,True,0.09824561403508772,18-05-04-00-22-00.jpg
05/04/18 00:23:00,245,347,False,0.0,18-05-04-00-23-00.jpg
05/04/18 00:24:00,241,296,False,0.0,18-05-04-00-24-00.jpg
05/04/18 00:25:00,241,433,True,0.2,18-05-04-00-25-00.jpg
05/04/18 00:26:00,246,180,True,0.3035714285714285,18-05-04-00-26-00.jpg
05/04/18 00:27:00,241,180,True,0.3693379790940767,18-05-04-00-27-00.jpg
05/04/18 00:28:00,242,179,True,0.03103448275862069,18-05-04-00-28-00.jpg
05/04/18 00:29:00,243,465,True,0.1083916083916084,18-05-04-00-29-00.jpg
05/04/18 00:30:00,270,308,True,0.13732394366197184,18-05-04-00-30-00.jpg
05/04/18 00:31:00,241,501,True,0.1314878892733564,18-05-04-00-31-00.jpg
05/04/18 00:32:00,243,476,True,0.21708185053380785,18-05-04-00-32-00.jpg
05/04/18 00:33:00,267,247,True,0.7770034843205574,18-05-04-00-33-00.jpg
05/04/18 00:34:00,245,474,True,0.9,18-05-04-00-34-00.jpg
05/04/18 00:35:00,244,284,True,0.1254355400696864,18-05-04-00-35-00.jpg
05/04/18 00:36:00,255,232,False,0.0,18-05-04-00-36-00.jpg
05/04/18 00:37:00,242,313,False,0.0,18-05-04-00-37-00.jpg
05/04/18 00:38:00,243,213,False,0.0,18-05-04-00-38-00.jpg
05/04/18 00:39:00,255,219,False,0.0,18-05-04-00-39-00.jpg
05/04/18 00:40:00,254,475,False,0.0,18-05-04-00-40-00.jpg
05/04/18 00:41:00,262,283,False,0.0,18-05-04-00-41-00.jpg
05/04/18 00:42:00,255,179,False,0.0,18-05-04-00-42-00.jpg
05/04/18 00:43:00,242,295,False,0.0,18-05-04-00-43-00.jpg
05/04/18 00:44:00,246,189,False,0.0,18-05-04-00-44-00.jpg
05/04/18 00:45:00,260,308,False,0.0,18-05-04-00-45-00.jpg
05/04/18 00:46:00,264,469,False,0.0,18-05-04-00-46-00.jpg
05/04/18 00:47:00,261,271,False,0.0,18-05-04-00-47-00.jpg
05/04/18 00:48:00,245,294,False,0.0,18-05-04-00-48-00.jpg
05/04/18 00:49:00,251,251,False,0.0,18-05-04-00-49-00.jpg
05/04/18 00:50:00,258,211,False,0.0,18-05-04-00-50-00.jpg
05/04/18 00:51:00,255,310,False,0.0,18-05-04-00-51-00.jpg
05/04/18 00:52:00,262,433,False,0.0,18-05-04-00-52-00.jpg
05/04/18 00:53:00,261,312,False,0.0,18-05-04-00-53-00.jpg
05/04/18 00:54:00,265,464,False,0.0,18-05-04-00-54-00.jpg
05/04/18 00:55:00,255,183,False,0.0,18-05-04-00-55-00.jpg
05/04/18 00:56:00,253,443,False,0.0,18-05-04-00-56-00.jpg
05/04/18 00:57:00,242,551,False,0.0,18-05-04-00-57-00.jpg
05/04/18 00:58:00,265,399,False,0.0,18-05-04-00-58-00.jpg
05/04/18 00:59:00,243,177,False,0.0,18-05-04-00-59-00.jpg
05/04/18 01:00:00,270,179,False,0.0,18-05-04-01-00-00.jpg
05/04/18 01:01:00,258,181,False,0.0,18-05-04-01-01-00.jpg
05/04/18 01:02:00,269,179,False,0.0,18-05-04-01-02-00.jpg
05/04/18 01:03:00,244,257,False,0.0,18-05-04-01-03-00.jpg
05/04/18 01:04:00,268,178,False,0.0,18-05-04-01-04-00.jpg
05/04/18 01:05:00,261,345,False,0.0,18-05-04-01-05-00.jpg
05/04/18 01:06:00,250,421,False,0.0,18-05-04-01-06-00.jpg
05/04/18 01:07:00,268,182,False,0.0,18-05-04-01-07-00.jpg
05/04/18 01:08:00,251,197,False,0.0,18-05-04-01-08-00.jpg
05/04/18 01:09:00,242,395,False,0.0,18-05-04-01-09-00.jpg
05/04/18 01:10:00,245,178,False,0.0,18-05-04-01-10-00.jpg
05/04/18 01:11:00,247,441,False,0.0,18-05-04-01-11-00.jpg
05/04/18 01:12:00,256,409,False,0.0,18-05-04-01-12-00.jpg
05/04/18 01:13:00,240,244,False,0.0,18-05-04-01-13-00.jpg
05/04/18 01:14:00,245,261,False,0.0,18-05-04-01-14-00.jpg
05/04/18 01:15:00,242,426,False,0.0,18-05-04-01-15-00.jpg
05/04/18 01:16:00,241,500,False,0.0,18-05-04-01-16-00.jpg
05/04/18 01:17:00,245,247,False,0.0,18-05-04-01-17-00.jpg
05/04/18 01:18:00,241,250,False,0.0,18-05-04-01-18-00.jpg
05/04/18 01:19:00,255,179,False,0.0,18-05-04-01-19-00.jpg
05/04/18 01:20:00,265,177,False,0.0,18-05-04-01-20-00.jpg
05/04/18 01:21:00,265,390,False,0.0,18-05-04-01-21-00.jpg
05/04/18 01:22:00,249,180,False,0.0,18-05-04-01-22-00.jpg
05/04/18 01:23:00,242,180,False,0.0,18-05-04-01-23-00.jpg
05/04/18 01:24:00,241,483,False,0.0,18-05-04-01-24-00.jpg
05/04/18 01:25:00,251,234,False,0.0,18-05-04-01-25-00.jpg
05/04/18 01:26:00,241,180,False,0.0,18-05-04-01-26-00.jpg
05/04/18 01:27:00,241,337,False,0.0,18-05-04-01-27-00.jpg
05/04/18 01:28:00,263,295,False,0.0,18-05-04-01-28-00.jpg
05/04/18 01:29:00,245,292,False,0.0,18-05-04-01-29-00.jpg
05/04/18 01:30:00,244,218,False,0.0,18-05-04-01-30-00.jpg
05/04/18 01:31:00,264,446,False,0.0,18-05-04-01-31-00.jpg
05/04/18 01:32:00,247,180,False,0.0,18-05-04-01-32-00.jpg
05/04/18 01:33:00,245,214,False,0.0,18-05-04-01-33-00.jpg
05/04/18 01:34:00,255,271,False,0.0,18-05-04-01-34-00.jpg
05/04/18 01:35:00,262,428,False,0.0,18-05-04-01-35-00.jpg
05/04/18 01:36:00,248,429,False,0.0,18-05-04-01-36-00.jpg
05/04/18 01:37:00,262,477,False,0.0,18-05-04-01-37-00.jpg
05/04/18 01:38:00,247,193,False,0.0,18-05-04-01-38-00.jpg
05/04/18 01:39:00,263,182,False,0.0,18-05-04-01-39-00.jpg
05/04/18 01:40:00,242,415,False,0.0,18-05-04-01-40-00.jpg
05/04/18 01:41:00,244,329,False,0.0,18-05-04-01-41-00.jpg
05/04/18 01:42:00,241,183,False,0.0,18-05-04-01-42-00.jpg
05/04/18 01:43:00,262,182,False,0.0,18-05-04-01-43-00.jpg
05/04/18 01:44:00,243,241,False,0.0,18-05-04-01-44-00.jpg
05/04/18 01:45:00,265,338,False,0.0,18-05-04-01-45-00.jpg
05/04/18 01:46:00,255,482,False,0.0,18-05-04-01-46-00.jpg
05/04/18 01:47:00,244,398,False,0.0,18-05-04-01-47-00.jpg
05/04/18 01:48:00,241,178,False,0.0,18-05-04-01-48-00.jpg
05/04/18 01:49:00,241,337,False,0.0,18-05-04-01-49-00.jpg
05/04/18 01:50:00,268,220,False,0.0,18-05-04-01-50-00.jpg
05/04/18 01:51:00,242,179,False,0.0,18-05-04-01-51-00.jpg
05/04/18 01:52:00,268,284,False,0.0,18-05-04-01-52-00.jpg
05/04/18 01:53:00,245,179,False,0.0,18-05-04-01-53-00.jpg
05/04/18 01:54:00,255,232,False,0.0,18-05-04-01-54-00.jpg
05/04/18 01:55:00,255,216,False,0.0,18-05-04-01-55-00.jpg
05/04/18 01:56:00,241,226,False,0.0,18-05-04-01-56-00.jpg
05/04/18 01:57:00,246,235,False,0.0,18-05-04-01-57-00.jpg
05/04/18 01:58:00,243,196,False,0.0,18-05-04-01-58-00.jpg
05/04/18 01:59:00,246,402,False,0.0,18-05-04-01-59-00.jpg
05/04/18 02:00:00,246,222,False,0.0,18-05-04-02-00-00.jpg
05/04/18 02:01:00,267,183,False,0.0,18-05-04-02-01-00.jpg
05/04/18 02:02:00,255,187,False,0.0,18-05-04-02-02-00.jpg
05/04/18 02:03:00,260,370,False,0.0,18-05-04-02-03-00.jpg
05/04/18 02:04:00,260,180,False,0.0,18-05-04-02-04-00.jpg
05/04/18 02:05:00,259,191,True,0.10452961672473868,18-05-04-02-05-00.jpg
05/04/18 02:06:00,267,242,False,0.0,18-05-04-02-06-00.jpg
05/04/18 02:07:00,251,216,False,0.0,18-05-04-02-07-00.jpg
05/04/18 02:08:00,268,507,False,0.0,18-05-04-02-08-00.jpg
05/04/18 02:09:00,249,405,False,0.0,18-05-04-02-09-00.jpg
05/04/18 02:10:00,265,441,False,0.0,18-05-04-02-10-00.jpg
05/04/18 02:11:00,269,221,False,0.0,18-05-04-02-11-00.jpg
05/04/18 02:12:00,259,191,False,0.0,18-05-04-02-12-00.jpg
05/04/18 02:13:00,250,312,False,0.0,18-05-04-02-13-00.jpg
05/04/18 02:14:00,267,386,False,0.0,18-05-04-02-14-00.jpg
05/04/18 02:15:00,255,179,False,0.0,18-05-04-02-15-00.jpg
05/04/18 02:16:00,240,179,False,0.0,18-05-04-02-16-00.jpg
05/04/18 02:17:00,263,208,False,0.0,18-05-04-02-17-00.jpg
05/04/18 02:18:00,270,249,False,0.0,18-05-04-02-18-00.jpg
05/04/18 02:19:00,265,254,False,0.0,18-05-04-02-19-00.jpg
05/04/18 02:20:00,254,214,False,0.0,18-05-04-02-20-00.jpg
05/04/18 02:21:00,252,238,False,0.0,18-05-04-02-21-00.jpg
05/04/18 02:22:00,254,562,False,0.0,18-05-04-02-22-00.jpg
05/04/18 02:23:00,241,339,False,0.0,18-05-04-02-23-00.jpg
05/04/18 02:24:00,267,362,False,0.0,18-05-04-02-24-00.jpg
05/04/18 02:25:00,241,177,False,0.0,18-05-04-02-25-00.jpg
05/04/18 02:26:00,243,319,False,0.0,18-05-04-02-26-00.jpg
05/04/18 02:27:00,246,285,False,0.0,18-05-04-02-27-00.jpg
05/04/18 02:28:00,256,281,False,0.0,18-05-04-02-28-00.jpg
05/04/18 02:29:00,269,233,False,0.0,18-05-04-02-29-00.jpg
05/04/18 02:30:00,244,554,False,0.0,18-05-04-02-30-00.jpg
05/04/18 02:31:00,249,183,False,0.0,18-05-04-02-31-00.jpg
05/04/18 02:32:00,269,235,False,0.0,18-05-04-02-32-00.jpg
05/04/18 02:33:00,253,180,False,0.0,18-05-04-02-33-00.jpg
05/04/18 02:34:00,267,217,False,0.0,18-05-04-02-34-00.jpg
05/04/18 02:35:00,255,191,False,0.0,18-05-04-02-35-00.jpg
05/04/18 02:36:00,241,297,False,0.0,18-05-04-02-36-00.jpg
05/04/18 02:37:00,251,179,False,0.0,18-05-04-02-37-00.jpg
05/04/18 02:38:00,252,368,False,0.0,18-05-04-02-38-00.jpg
05/04/18 02:39:00,265,418,False,0.0,18-05-04-02-39-00.jpg
05/04/18 02:40:00,243,379,False,0.0,18-05-04-02-40-00.jpg
05/04/18 02:41:00,268,243,False,0.0,18-05-04-02-41-00.jpg
05/04/18 02:42:00,255,190,False,0.0,18-05-04-02-42-00.jpg
05/04/18 02:43:00,259,244,False,0.0,18-05-04-02-43-00.jpg
05/04/18 02:44:00,265,180,False,0.0,18-05-04-02-44-00.jpg
05/04/18 02:45:00,261,244,False,0.0,18-05-04-02-45-00.jpg
05/04/18 02:46:00,260,288,False,0.0,18-05-04-02-46-00.jpg
05/04/18 02:47:00,269,254,False,0.0,18-05-04-02-47-00.jpg
05/04/18 02:48:00,255,180,False,0.0,18-05-04-02-48-00.jpg
05/04/18 02:49:00,241,254,False,0.0,18-05-04-02-49-00.jpg
05/04/18 02:50:00,267,181,False,0.0,18-05-04-02-50-00.jpg
05/04/18 02:51:00,259,626,False,0.0,18-05-04-02-51-00.jpg
05/04/18 02:52:00,255,220,False,0.0,18-05-04-02-52-00.jpg
05/04/18 02:53:00,259,209,False,0.0,18-05-04-02-53-00.jpg
05/04/18 02:54:00,248,212,False,0.0,18-05-04-02-54-00.jpg
05/04/18 02:55:00,259,426,False,0.0,18-05-04-02-55-00.jpg
05/04/18 02:56:00,268,229,False,0.0,18-05-04-02-56-00.jpg
05/04/18 02:57:00,242,200,False,0.0,18-05-04-02-57-00.jpg
05/04/18 02:58:00,259,242,False,0.0,18-05-04-02-58-00.jpg
05/04/18 02:59:00,242,225,False,0.0,18-05-04-02-59-00.jpg
05/04/18 03:00:00,249,181,False,0.0,18-05-04-03-00-00.jpg
05/04/18 03:01:00,255,293,False,0.0,18-05-04-03-01-00.jpg
05/04/18 03:02:00,248,216,False,0.0,18-05-04-03-02-00.jpg
05/04/18 03:03:00,244,236,False,0.0,18-05-04-03-03-00.jpg
05/04/18 03:04:00,254,313,False,0.0,18-05-04-03-04-00.jpg
05/04/18 03:05:00,241,181,False,0.0,18-05-04-03-05-00.jpg
05/04/18 03:06:00,263,497,False,0.0,18-05-04-03-06-00.jpg
05/04/18 03:07:00,240,332,False,0.0,18-05-04-03-07-00.jpg
05/04/18 03:08:00,241,196,False,0.0,18-05-04-03-08-00.jpg
05/04/18 03:09:00,244,187,False,0.0,18-05-04-03-09-00.jpg
05/04/18 03:10:00,249,181,False,0.0,18-05-04-03-10-00.jpg
05/04/18 03:11:00,265,246,False,0.0,18-05-04-03-11-00.jpg
05/04/18 03:12:00,251,194,False,0.0,18-05-04-03-12-00.jpg
05/04/18 03:13:00,268,243,False,0.0,18-05-04-03-13-00.jpg
05/04/18 03:14:00,258,223,False,0.0,18-05-04-03-14-00.jpg
05/04/18 03:15:00,252,202,False,0.0,18-05-04-03-15-00.jpg
05/04/18 03:16:00,267,274,False,0.0,18-05-04-03-16-00.jpg
05/04/18 03:17:00,250,184,False,0.0,18-05-04-03-17-00.jpg
05/04/18 03:18:00,246,263,False,0.0,18-05-04-03-18-00.jpg
05/04/18 03:19:00,258,181,False,0.0,18-05-04-03-19-00.jpg
05/04/18 03:20:00,266,224,False,0.0,18-05-04-03-20-00.jpg
05/04/18 03:21:00,255,180,False,0.0,18-05-04-03-21-00.jpg
05/04/18 03:22:00,255,305,False,0.0,18-05-04-03-22-00.jpg
05/04/18 03:23:00,251,234,False,0.0,18-05-04-03-23-00.jpg
05/04/18 03:24:00,261,414,False,0.0,18-05-04-03-24-00.jpg
05/04/18 03:25:00,240,358,False,0.0,18-05-04-03-25-00.jpg
05/04/18 03:26:00,239,183,False,0.0,18-05-04-03-26-00.jpg
05/04/18 03:27:00,268,440,False,0.0,18-05-04-03-27-00.jpg
05/04/18 03:28:00,265,258,False,0.0,18-05-04-03-28-00.jpg
05/04/18 03:29:00,262,181,False,0.0,18-05-04-03-29-00.jpg
05/04/18 03:30:00,253,207,False,0.0,18-05-04-03-30-00.jpg
05/04/18 03:31:00,245,281,False,0.0,18-05-04-03-31-00.jpg
05/04/18 03:32:00,243,206,False,0.0,18-05-04-03-32-00.jpg
05/04/18 03:33:00,251,181,False,0.0,18-05-04-03-33-00.jpg
05/04/18 03:34:00,268,399,False,0.0,18-05-04-03-34-00.jpg
05/04/18 03:35:00,250,179,False,0.0,18-05-04-03-35-00.jpg
05/04/18 03:36:00,244,414,False,0.0,18-05-04-03-36-00.jpg
05/04/18 03:37:00,253,554,False,0.0,18-05-04-03-37-00.jpg
05/04/18 03:39:00,267,388,False,0.0,18-05-04-03-39-00.jpg
05/04/18 03:40:00,241,239,False,0.0,18-05-04-03-40-00.jpg
05/04/18 03:41:00,248,241,False,0.0,18-05-04-03-41-00.jpg
05/04/18 03:42:00,263,230,False,0.0,18-05-04-03-42-00.jpg
05/04/18 03:43:00,243,180,False,0.0,18-05-04-03-43-00.jpg
05/04/18 03:44:00,261,180,False,0.0,18-05-04-03-44-00.jpg
05/04/18 03:45:00,243,187,False,0.0,18-05-04-03-45-00.jpg
05/04/18 03:46:00,269,452,False,0.0,18-05-04-03-46-00.jpg
05/04/18 03:47:00,250,181,False,0.0,18-05-04-03-47-00.jpg
05/04/18 03:48:00,268,199,False,0.0,18-05-04-03-48-00.jpg
05/04/18 03:49:00,264,234,False,0.0,18-05-04-03-49-00.jpg
05/04/18 03:50:00,245,258,False,0.0,18-05-04-03-50-00.jpg
05/04/18 03:51:00,262,563,False,0.0,18-05-04-03-51-00.jpg
05/04/18 03:52:00,259,254,False,0.0,18-05-04-03-52-00.jpg
05/04/18 03:53:00,243,183,False,0.0,18-05-04-03-53-00.jpg
05/04/18 03:54:00,241,213,False,0.0,18-05-04-03-54-00.jpg
05/04/18 03:55:00,255,183,False,0.0,18-05-04-03-55-00.jpg
05/04/18 03:56:00,261,182,False,0.0,18-05-04-03-56-00.jpg
05/04/18 03:57:00,241,208,False,0.0,18-05-04-03-57-00.jpg
05/04/18 03:58:00,255,182,False,0.0,18-05-04-03-58-00.jpg
05/04/18 03:59:00,247,183,False,0.0,18-05-04-03-59-00.jpg
05/04/18 04:00:00,268,213,False,0.0,18-05-04-04-00-00.jpg
05/04/18 04:01:00,241,184,False,0.0,18-05-04-04-01-00.jpg
05/04/18 04:02:00,244,307,False,0.0,18-05-04-04-02-00.jpg
05/04/18 04:03:00,262,225,False,0.0,18-05-04-04-03-00.jpg
05/04/18 04:04:00,269,266,False,0.0,18-05-04-04-04-00.jpg
05/04/18 04:05:00,258,230,False,0.0,18-05-04-04-05-00.jpg
05/04/18 04:06:00,239,229,False,0.0,18-05-04-04-06-00.jpg
05/04/18 04:07:00,241,355,False,0.0,18-05-04-04-07-00.jpg
05/04/18 04:08:00,259,181,False,0.0,18-05-04-04-08-00.jpg
05/04/18 04:09:00,264,416,False,0.0,18-05-04-04-09-00.jpg
05/04/18 04:10:00,267,243,False,0.0,18-05-04-04-10-00.jpg
05/04/18 04:11:00,250,200,False,0.0,18-05-04-04-11-00.jpg
05/04/18 04:12:00,240,471,False,0.0,18-05-04-04-12-00.jpg
05/04/18 04:13:00,253,215,False,0.0,18-05-04-04-13-00.jpg
05/04/18 04:14:00,266,215,False,0.0,18-05-04-04-14-00.jpg
05/04/18 04:15:00,239,309,False,0.0,18-05-04-04-15-00.jpg
05/04/18 04:16:00,260,209,False,0.0,18-05-04-04-16-00.jpg
05/04/18 04:17:00,251,238,False,0.0,18-05-04-04-17-00.jpg
05/04/18 04:18:00,266,594,False,0.0,18-05-04-04-18-00.jpg
05/04/18 04:19:00,250,490,False,0.0,18-05-04-04-19-00.jpg
05/04/18 04:20:00,263,188,False,0.0,18-05-04-04-20-00.jpg
05/04/18 04:21:00,250,180,False,0.0,18-05-04-04-21-00.jpg
05/04/18 04:22:00,267,253,False,0.0,18-05-04-04-22-00.jpg
05/04/18 04:23:00,246,222,False,0.0,18-05-04-04-23-00.jpg
05/04/18 04:24:00,246,180,False,0.0,18-05-04-04-24-00.jpg
05/04/18 04:25:00,262,334,False,0.0,18-05-04-04-25-00.jpg
05/04/18 04:26:00,243,254,False,0.0,18-05-04-04-26-00.jpg
05/04/18 04:27:00,253,180,False,0.0,18-05-04-04-27-00.jpg
05/04/18 04:28:00,262,181,False,0.0,18-05-04-04-28-00.jpg
05/04/18 04:29:00,267,343,False,0.0,18-05-04-04-29-00.jpg
05/04/18 04:30:00,239,220,False,0.0,18-05-04-04-30-00.jpg
05/04/18 04:31:00,241,180,False,0.0,18-05-04-04-31-00.jpg
05/04/18 04:32:00,239,229,False,0.0,18-05-04-04-32-00.jpg
05/04/18 04:33:00,254,222,False,0.0,18-05-04-04-33-00.jpg
05/04/18 04:34:00,249,404,False,0.0,18-05-04-04-34-00.jpg
05/04/18 04:35:00,243,275,False,0.0,18-05-04-04-35-00.jpg
05/04/18 04:36:00,251,245,False,0.0,18-05-04-04-36-00.jpg
05/04/18 04:37:00,266,182,False,0.0,18-05-04-04-37-00.jpg
05/04/18 04:38:00,264,301,False,0.0,18-05-04-04-38-00.jpg
05/04/18 04:39:00,245,255,False,0.0,18-05-04-04-39-00.jpg
05/04/18 04:40:00,255,181,False,0.0,18-05-04-04-40-00.jpg
05/04/18 04:41:00,242,236,False,0.0,18-05-04-04-41-00.jpg
05/04/18 04:42:00,252,399,False,0.0,18-05-04-04-42-00.jpg
05/04/18 04:43:00,259,180,False,0.0,18-05-04-04-43-00.jpg
05/04/18 04:44:00,248,487,False,0.0,18-05-04-04-44-00.jpg
05/04/18 04:45:00,265,335,False,0.0,18-05-04-04-45-00.jpg
05/04/18 04:46:00,264,343,False,0.0,18-05-04-04-46-00.jpg
05/04/18 04:47:00,267,450,False,0.0,18-05-04-04-47-00.jpg
05/04/18 04:48:00,240,197,False,0.0,18-05-04-04-48-00.jpg
05/04/18 04:49:00,247,242,False,0.0,18-05-04-04-49-00.jpg
05/04/18 04:50:00,266,380,False,0.0,18-05-04-04-50-00.jpg
05/04/18 04:51:00,246,273,False,0.0,18-05-04-04-51-00.jpg
05/04/18 04:52:00,261,422,False,0.0,18-05-04-04-52-00.jpg
05/04/18 04:53:00,249,246,False,0.0,18-05-04-04-53-00.jpg
05/04/18 04:54:00,261,228,False,0.0,18-05-04-04-54-00.jpg
05/04/18 04:55:00,240,250,False,0.0,18-05-04-04-55-00.jpg
05/04/18 04:56:00,263,237,False,0.0,18-05-04-04-56-00.jpg
05/04/18 04:57:00,268,350,False,0.0,18-05-04-04-57-00.jpg
05/04/18 04:58:00,264,242,False,0.0,18-05-04-04-58-00.jpg
05/04/18 04:59:00,258,391,False,0.0,18-05-04-04-59-00.jpg
05/04/18 05:00:00,254,273,False,0.0,18-05-04-05-00-00.jpg
05/04/18 05:01:00,240,505,False,0.0,18-05-04-05-01-00.jpg
05/04/18 05:02:00,260,480,False,0.0,18-05-04-05-02-00.jpg
05/04/18 05:03:00,257,351,False,0.0,18-05-04-05-03-00.jpg
05/04/18 05:04:00,267,254,False,0.0,18-05-04-05-04-00.jpg
05/04/18 05:05:00,263,181,False,0.0,18-05-04-05-05-00.jpg
05/04/18 05:06:00,267,406,False,0.0,18-05-04-05-06-00.jpg
05/04/18 05:07:00,253,239,False,0.0,18-05-04-05-07-00.jpg
05/04/18 05:08:00,249,188,False,0.0,18-05-04-05-08-00.jpg
05/04/18 05:09:00,262,223,False,0.0,18-05-04-05-09-00.jpg
05/04/18 05:10:00,252,191,False,0.0,18-05-04-05-10-00.jpg
05/04/18 05:11:00,250,516,False,0.0,18-05-04-05-11-00.jpg
05/04/18 05:12:00,241,280,False,0.0,18-05-04-05-12-00.jpg
05/04/18 05:13:00,265,356,False,0.0,18-05-04-05-13-00.jpg
05/04/18 05:14:00,244,235,False,0.0,18-05-04-05-14-00.jpg
05/04/18 05:15:00,250,217,False,0.0,18-05-04-05-15-00.jpg
05/04/18 05:16:00,243,216,False,0.0,18-05-04-05-16-00.jpg
05/04/18 05:17:00,255,225,False,0.0,18-05-04-05-17-00.jpg
05/04/18 05:18:00,262,239,False,0.0,18-05-04-05-18-00.jpg
05/04/18 05:19:00,258,180,False,0.0,18-05-04-05-19-00.jpg
05/04/18 05:20:00,267,217,False,0.0,18-05-04-05-20-00.jpg
05/04/18 05:21:00,245,568,False,0.0,18-05-04-05-21-00.jpg
05/04/18 05:22:00,268,180,False,0.0,18-05-04-05-22-00.jpg
05/04/18 05:23:00,259,242,False,0.0,18-05-04-05-23-00.jpg
05/04/18 05:24:00,241,200,False,0.0,18-05-04-05-24-00.jpg
05/04/18 05:25:00,243,182,False,0.0,18-05-04-05-25-00.jpg
05/04/18 05:26:00,265,254,False,0.0,18-05-04-05-26-00.jpg
05/04/18 05:27:00,240,199,False,0.0,18-05-04-05-27-00.jpg
05/04/18 05:28:00,257,201,False,0.0,18-05-04-05-28-00.jpg
05/04/18 05:29:00,267,455,False,0.0,18-05-04-05-29-00.jpg
05/04/18 05:30:00,258,235,False,0.0,18-05-04-05-30-00.jpg
05/04/18 05:31:00,241,182,False,0.0,18-05-04-05-31-00.jpg
05/04/18 05:32:00,247,222,False,0.0,18-05-04-05-32-00.jpg
05/04/18 05:33:00,240,226,False,0.0,18-05-04-05-33-00.jpg
05/04/18 05:34:00,240,179,False,0.0,18-05-04-05-34-00.jpg
05/04/18 05:35:00,240,182,False,0.0,18-05-04-05-35-00.jpg
05/04/18 05:36:00,240,260,False,0.0,18-05-04-05-36-00.jpg
05/04/18 05:37:00,243,181,False,0.0,18-05-04-05-37-00.jpg
05/04/18 05:38:00,268,181,False,0.0,18-05-04-05-38-00.jpg
05/04/18 05:39:00,249,354,False,0.0,18-05-04-05-39-00.jpg
05/04/18 05:40:00,240,223,False,0.0,18-05-04-05-40-00.jpg
05/04/18 05:41:00,245,338,False,0.0,18-05-04-05-41-00.jpg
05/04/18 05:42:00,239,213,False,0.0,18-05-04-05-42-00.jpg
05/04/18 05:43:00,246,200,False,0.0,18-05-04-05-43-00.jpg
05/04/18 05:44:00,262,259,False,0.0,18-05-04-05-44-00.jpg
05/04/18 05:45:00,258,233,False,0.0,18-05-04-05-45-00.jpg
05/04/18 05:46:00,250,195,False,0.0,18-05-04-05-46-00.jpg
05/04/18 05:47:00,249,181,False,0.0,18-05-04-05-47-00.jpg
05/04/18 05:48:00,245,182,False,0.0,18-05-04-05-48-00.jpg
05/04/18 05:49:00,253,183,False,0.0,18-05-04-05-49-00.jpg
05/04/18 05:50:00,250,241,False,0.0,18-05-04-05-50-00.jpg
05/04/18 05:51:00,263,223,False,0.0,18-05-04-05-51-00.jpg
05/04/18 05:52:00,255,181,False,0.0,18-05-04-05-52-00.jpg
05/04/18 05:53:00,240,192,False,0.0,18-05-04-05-53-00.jpg
05/04/18 05:54:00,243,183,False,0.0,18-05-04-05-54-00.jpg
05/04/18 05:55:00,269,245,False,0.0,18-05-04-05-55-00.jpg
05/04/18 05:56:00,241,424,False,0.0,18-05-04-05-56-00.jpg
05/04/18 05:57:00,257,250,False,0.0,18-05-04-05-57-00.jpg
05/04/18 05:58:00,257,184,False,0.0,18-05-04-05-58-00.jpg
05/04/18 05:59:00,261,428,False,0.0,18-05-04-05-59-00.jpg
05/04/18 06:00:00,267,383,False,0.0,18-05-04-06-00-00.jpg
05/04/18 06:01:00,247,377,False,0.0,18-05-04-06-01-00.jpg
05/04/18 06:02:00,255,181,False,0.0,18-05-04-06-02-00.jpg
05/04/18 06:03:00,243,182,False,0.0,18-05-04-06-03-00.jpg
05/04/18 06:04:00,267,223,False,0.0,18-05-04-06-04-00.jpg
05/04/18 06:05:00,264,408,False,0.0,18-05-04-06-05-00.jpg
05/04/18 06:06:00,265,457,False,0.0,18-05-04-06-06-00.jpg
05/04/18 06:07:00,261,291,False,0.0,18-05-04-06-07-00.jpg
05/04/18 06:08:00,263,403,False,0.0,18-05-04-06-08-00.jpg
05/04/18 06:09:00,264,190,False,0.0,18-05-04-06-09-00.jpg
05/04/18 06:10:00,264,240,False,0.0,18-05-04-06-10-00.jpg
05/04/18 06:11:00,255,255,False,0.0,18-05-04-06-11-00.jpg
05/04/18 06:12:00,244,228,False,0.0,18-05-04-06-12-00.jpg
05/04/18 06:13:00,257,211,False,0.0,18-05-04-06-13-00.jpg
05/04/18 06:14:00,252,390,False,0.0,18-05-04-06-14-00.jpg
05/04/18 06:15:00,239,358,False,0.0,18-05-04-06-15-00.jpg
05/04/18 06:16:00,261,346,False,0.0,18-05-04-06-16-00.jpg
05/04/18 06:17:00,253,194,False,0.0,18-05-04-06-17-00.jpg
05/04/18 06:18:00,248,454,False,0.0,18-05-04-06-18-00.jpg
05/04/18 06:19:00,263,234,False,0.0,18-05-04-06-19-00.jpg
05/04/18 06:20:00,268,182,False,0.0,18-05-04-06-20-00.jpg
05/04/18 06:21:00,240,367,False,0.0,18-05-04-06-21-00.jpg
05/04/18 06:22:00,255,183,False,0.0,18-05-04-06-22-00.jpg
05/04/18 06:23:00,257,229,False,0.0,18-05-04-06-23-00.jpg
05/04/18 06:24:00,239,570,False,0.0,18-05-04-06-24-00.jpg
05/04/18 06:25:00,248,181,False,0.0,18-05-04-06-25-00.jpg
05/04/18 06:26:00,246,182,False,0.0,18-05-04-06-26-00.jpg
05/04/18 06:27:00,263,367,False,0.0,18-05-04-06-27-00.jpg
05/04/18 06:28:00,243,243,False,0.0,18-05-04-06-28-00.jpg
05/04/18 06:29:00,266,413,False,0.0,18-05-04-06-29-00.jpg
05/04/18 06:30:00,242,219,False,0.0,18-05-04-06-30-00.jpg
05/04/18 06:31:00,255,328,True,0.3230240549828179,18-05-04-06-31-00.jpg
05/04/18 06:32:00,255,181,True,0.1245674740484429,18-05-04-06-32-00.jpg
05/04/18 06:33:00,241,256,True,0.7697594501718213,18-05-04-06-33-00.jpg
05/04/18 06:34:00,268,372,True,0.4048442906574394,18-05-04-06-34-00.jpg
05/04/18 06:35:00,258,482,True,0.05517241379310345,18-05-04-06-35-00.jpg
05/04/18 06:36:00,253,202,False,0.0,18-05-04-06-36-00.jpg
05/04/18 06:37:00,245,185,False,0.0,18-05-04-06-37-00.jpg
05/04/18 06:38:00,241,210,False,0.0,18-05-04-06-38-00.jpg
05/04/18 06:39:00,249,254,False,0.0,18-05-04-06-39-00.jpg
05/04/18 06:40:00,262,455,True,0.2613240418118467,18-05-04-06-40-00.jpg
05/04/18 06:41:00,255,259,True,0.04895104895104895,18-05-04-06-41-00.jpg
05/04/18 06:42:00,255,184,False,0.0,18-05-04-06-42-00.jpg
05/04/18 06:43:00,269,253,False,0.0,18-05-04-06-43-00.jpg
05/04/18 06:44:00,268,230,False,0.0,18-05-04-06-44-00.jpg
05/04/18 06:45:00,264,210,False,0.0,18-05-04-06-45-00.jpg
05/04/18 06:46:00,249,448,False,0.0,18-05-04-06-46-00.jpg
05/04/18 06:47:00,242,200,True,0.00353356890459364,18-05-04-06-47-00.jpg
05/04/18 06:48:00,249,514,True,0.003448275862068965,18-05-04-06-48-00.jpg
05/04/18 06:49:00,245,185,False,0.0,18-05-04-06-49-00.jpg
05/04/18 06:50:00,244,187,False,0.0,18-05-04-06-50-00.jpg
05/04/18 06:51:00,269,316,False,0.0,18-05-04-06-51-00.jpg
05/04/18 06:52:00,262,322,False,0.0,18-05-04-06-52-00.jpg
05/04/18 06:53:00,255,238,False,0.0,18-05-04-06-53-00.jpg
05/04/18 06:54:00,251,235,False,0.0,18-05-04-06-54-00.jpg
05/04/18 06:55:00,266,278,False,0.0,18-05-04-06-55-00.jpg
05/04/18 06:56:00,251,181,False,0.0,18-05-04-06-56-00.jpg
05/04/18 06:57:00,270,229,True,0.11846689895470384,18-05-04-06-57-00.jpg
05/04/18 06:58:00,271,181,True,0.017361111111111112,18-05-04-06-58-00.jpg
05/04/18 06:59:00,252,202,True,0.03558718861209965,18-05-04-06-59-00.jpg
05/04/18 07:00:00,269,240,True,0.1853146853146853,18-05-04-07-00-00.jpg
05/04/18 07:01:00,251,415,True,0.3310344827586207,18-05-04-07-01-00.jpg
05/04/18 07:02:00,263,242,True,0.06273062730627306,18-05-04-07-02-00.jpg
05/04/18 07:03:00,271,254,False,0.0,18-05-04-07-03-00.jpg
05/04/18 07:04:00,250,182,False,0.0,18-05-04-07-04-00.jpg
05/04/18 07:05:00,258,457,False,0.0,18-05-04-07-05-00.jpg
05/04/18 07:06:00,270,180,False,0.0,18-05-04-07-06-00.jpg
05/04/18 07:07:00,271,446,False,0.0,18-05-04-07-07-00.jpg
05/04/18 07:08:00,274,232,False,0.0,18-05-04-07-08-00.jpg
05/04/18 07:09:00,263,182,False,0.0,18-05-04-07-09-00.jpg
05/04/18 07:10:00,246,211,False,0.0,18-05-04-07-10-00.jpg
05/04/18 07:11:00,251,428,False,0.0,18-05-04-07-11-00.jpg
05/04/18 07:12:00,271,241,False,0.0,18-05-04-07-12-00.jpg
05/04/18 07:13:00,255,200,False,0.0,18-05-04-07-13-00.jpg
05/04/18 07:14:00,274,240,False,0.0,18-05-04-07-14-00.jpg
05/04/18 07:15:00,245,211,False,0.0,18-05-04-07-15-00.jpg
05/04/18 07:16:00,255,406,False,0.0,18-05-04-07-16-00.jpg
05/04/18 07:17:00,273,566,False,0.0,18-05-04-07-17-00.jpg
05/04/18 07:18:00,271,356,False,0.0,18-05-04-07-18-00.jpg
05/04/18 07:19:00,271,183,False,0.0,18-05-04-07-19-00.jpg
05/04/18 07:20:00,276,231,False,0.0,18-05-04-07-20-00.jpg
05/04/18 07:21:00,258,239,False,0.0,18-05-04-07-21-00.jpg
05/04/18 07:22:00,273,429,False,0.0,18-05-04-07-22-00.jpg
05/04/18 07:23:00,271,182,False,0.0,18-05-04-07-23-00.jpg
05/04/18 07:24:00,253,328,False,0.0,18-05-04-07-24-00.jpg
05/04/18 07:25:00,253,469,False,0.0,18-05-04-07-25-00.jpg
05/04/18 07:26:00,276,188,False,0.0,18-05-04-07-26-00.jpg
05/04/18 07:27:00,262,247,False,0.0,18-05-04-07-27-00.jpg
05/04/18 07:28:00,266,239,False,0.0,18-05-04-07-28-00.jpg
05/04/18 07:29:00,245,407,False,0.0,18-05-04-07-29-00.jpg
05/04/18 07:30:00,271,254,False,0.0,18-05-04-07-30-00.jpg
05/04/18 07:31:00,273,365,False,0.0,18-05-04-07-31-00.jpg
05/04/18 07:32:00,255,414,False,0.0,18-05-04-07-32-00.jpg
05/04/18 07:33:00,247,446,False,0.0,18-05-04-07-33-00.jpg
05/04/18 07:35:00,253,246,False,0.0,18-05-04-07-35-00.jpg
05/04/18 07:36:00,259,215,False,0.0,18-05-04-07-36-00.jpg
05/04/18 07:37:00,255,213,False,0.0,18-05-04-07-37-00.jpg
05/04/18 07:38:00,250,182,False,0.0,18-05-04-07-38-00.jpg
05/04/18 07:39:00,253,216,False,0.0,18-05-04-07-39-00.jpg
05/04/18 07:40:00,272,453,False,0.0,18-05-04-07-40-00.jpg
05/04/18 07:41:00,277,200,False,0.0,18-05-04-07-41-00.jpg
05/04/18 07:42:00,249,229,False,0.0,18-05-04-07-42-00.jpg
05/04/18 07:43:00,262,180,False,0.0,18-05-04-07-43-00.jpg
05/04/18 07:44:00,278,183,False,0.0,18-05-04-07-44-00.jpg
05/04/18 07:45:00,264,377,False,0.0,18-05-04-07-45-00.jpg
05/04/18 07:46:00,250,236,False,0.0,18-05-04-07-46-00.jpg
05/04/18 07:47:00,269,377,False,0.0,18-05-04-07-47-00.jpg
05/04/18 07:48:00,253,248,False,0.0,18-05-04-07-48-00.jpg
05/04/18 07:49:00,273,183,False,0.0,18-05-04-07-49-00.jpg
05/04/18 07:50:00,270,290,False,0.0,18-05-04-07-50-00.jpg
05/04/18 07:51:00,269,183,False,0.0,18-05-04-07-51-00.jpg
05/04/18 07:52:00,278,353,False,0.0,18-05-04-07-52-00.jpg
05/04/18 07:53:00,276,181,False,0.0,18-05-04-07-53-00.jpg
05/04/18 07:54:00,251,214,False,0.0,18-05-04-07-54-00.jpg
05/04/18 07:55:00,265,420,False,0.0,18-05-04-07-55-00.jpg
05/04/18 07:56:00,267,218,False,0.0,18-05-04-07-56-00.jpg
05/04/18 07:57:00,267,213,False,0.0,18-05-04-07-57-00.jpg
05/04/18 07:58:00,260,185,False,0.0,18-05-04-07-58-00.jpg
05/04/18 07:59:00,270,231,False,0.0,18-05-04-07-59-00.jpg
05/04/18 08:00:00,274,182,False,0.0,18-05-04-08-00-00.jpg
05/04/18 08:01:00,275,183,False,0.0,18-05-04-08-01-00.jpg
05/04/18 08:02:00,275,302,False,0.0,18-05-04-08-02-00.jpg
05/04/18 08:03:00,260,238,False,0.0,18-05-04-08-03-00.jpg
05/04/18 08:04:00,265,301,False,0.0,18-05-04-08-04-00.jpg
05/04/18 08:05:00,279,184,False,0.0,18-05-04-08-05-00.jpg
05/04/18 08:06:00,254,298,False,0.0,18-05-04-08-06-00.jpg
05/04/18 08:07:00,278,247,False,0.0,18-05-04-08-07-00.jpg
05/04/18 08:08:00,254,468,False,0.0,18-05-04-08-08-00.jpg
05/04/18 08:09:00,278,196,False,0.0,18-05-04-08-09-00.jpg
05/04/18 08:10:00,273,430,False,0.0,18-05-04-08-10-00.jpg
05/04/18 08:11:00,253,462,False,0.0,18-05-04-08-11-00.jpg
05/04/18 08:12:00,267,183,True,0.06896551724137931,18-05-04-08-12-00.jpg
05/04/18 08:13:00,274,397,False,0.0,18-05-04-08-13-00.jpg
05/04/18 08:14:00,281,249,False,0.0,18-05-04-08-14-00.jpg
05/04/18 08:15:00,259,463,True,0.05517241379310345,18-05-04-08-15-00.jpg
05/04/18 08:16:00,255,356,False,0.0,18-05-04-08-16-00.jpg
05/04/18 08:17:00,257,225,False,0.0,18-05-04-08-17-00.jpg
05/04/18 08:18:00,261,269,False,0.0,18-05-04-08-18-00.jpg
05/04/18 08:19:00,280,395,False,0.0,18-05-04-08-19-00.jpg
05/04/18 08:20:00,280,185,False,0.0,18-05-04-08-20-00.jpg
05/04/18 08:21:00,259,275,False,0.0,18-05-04-08-21-00.jpg
05/04/18 08:22:00,282,183,False,0.0,18-05-04-08-22-00.jpg
05/04/18 08:23:00,254,182,False,0.0,18-05-04-08-23-00.jpg
05/04/18 08:24:00,279,182,False,0.0,18-05-04-08-24-00.jpg
05/04/18 08:25:00,266,362,False,0.0,18-05-04-08-25-00.jpg
05/04/18 08:26:00,278,194,False,0.0,18-05-04-08-26-00.jpg
05/04/18 08:27:00,253,207,False,0.0,18-05-04-08-27-00.jpg
05/04/18 08:28:00,254,185,False,0.0,18-05-04-08-28-00.jpg
05/04/18 08:29:00,280,323,False,0.0,18-05-04-08-29-00.jpg
05/04/18 08:30:00,271,182,False,0.0,18-05-04-08-30-00.jpg
05/04/18 08:31:00,282,260,False,0.0,18-05-04-08-31-00.jpg
05/04/18 08:32:00,282,232,False,0.0,18-05-04-08-32-00.jpg
05/04/18 08:33:00,255,358,False,0.0,18-05-04-08-33-00.jpg
05/04/18 08:34:00,253,208,False,0.0,18-05-04-08-34-00.jpg
05/04/18 08:35:00,267,338,False,0.0,18-05-04-08-35-00.jpg
05/04/18 08:36:00,255,498,False,0.0,18-05-04-08-36-00.jpg
05/04/18 08:37:00,274,238,False,0.0,18-05-04-08-37-00.jpg
05/04/18 08:38:00,265,199,False,0.0,18-05-04-08-38-00.jpg
05/04/18 08:39:00,257,243,True,0.15734265734265734,18-05-04-08-39-00.jpg
05/04/18 08:40:00,281,183,True,0.05594405594405594,18-05-04-08-40-00.jpg
05/04/18 08:41:00,258,334,False,0.0,18-05-04-08-41-00.jpg
05/04/18 08:42:00,279,207,False,0.0,18-05-04-08-42-00.jpg
05/04/18 08:43:00,259,247,False,0.0,18-05-04-08-43-00.jpg
05/04/18 08:44:00,280,295,True,0.06643356643356642,18-05-04-08-44-00.jpg
05/04/18 08:45:00,253,205,False,0.0,18-05-04-08-45-00.jpg
05/04/18 08:46:00,258,222,False,0.0,18-05-04-08-46-00.jpg
05/04/18 08:47:00,279,260,False,0.0,18-05-04-08-47-00.jpg
05/04/18 08:48:00,271,183,False,0.0,18-05-04-08-48-00.jpg
05/04/18 08:49:00,278,182,False,0.0,18-05-04-08-49-00.jpg
05/04/18 08:50:00,270,504,False,0.0,18-05-04-08-50-00.jpg
05/04/18 08:51:00,259,240,False,0.0,18-05-04-08-51-00.jpg
05/04/18 08:52:00,271,412,False,0.0,18-05-04-08-52-00.jpg
05/04/18 08:53:00,251,356,False,0.0,18-05-04-08-53-00.jpg
05/04/18 08:54:00,276,203,False,0.0,18-05-04-08-54-00.jpg
05/04/18 08:55:00,270,183,False,0.0,18-05-04-08-55-00.jpg
05/04/18 08:56:00,252,245,False,0.0,18-05-04-08-56-00.jpg
05/04/18 08:57:00,251,403,False,0.0,18-05-04-08-57-00.jpg
05/04/18 08:58:00,254,180,False,0.0,18-05-04-08-58-00.jpg
05/04/18 08:59:00,279,182,False,0.0,18-05-04-08-59-00.jpg
05/04/18 09:00:00,266,255,False,0.0,18-05-04-09-00-00.jpg
05/04/18 09:01:00,276,287,False,0.0,18-05-04-09-01-00.jpg
05/04/18 09:02:00,255,411,False,0.0,18-05-04-09-02-00.jpg
05/04/18 09:03:00,269,307,False,0.0,18-05-04-09-03-00.jpg
05/04/18 09:04:00,279,452,False,0.0,18-05-04-09-04-00.jpg
05/04/18 09:05:00,275,190,False,0.0,18-05-04-09-05-00.jpg
05/04/18 09:06:00,258,181,False,0.0,18-05-04-09-06-00.jpg
05/04/18 09:07:00,273,182,False,0.0,18-05-04-09-07-00.jpg
05/04/18 09:08:00,265,184,False,0.0,18-05-04-09-08-00.jpg
05/04/18 09:09:00,272,286,True,0.07042253521126761,18-05-04-09-09-00.jpg
05/04/18 09:10:00,267,388,False,0.0,18-05-04-09-10-00.jpg
05/04/18 09:11:00,251,381,False,0.0,18-05-04-09-11-00.jpg
05/04/18 09:12:00,265,299,True,0.05944055944055944,18-05-04-09-12-00.jpg
05/04/18 09:13:00,254,222,True,0.059649122807017535,18-05-04-09-13-00.jpg
05/04/18 09:14:00,270,183,True,0.0859106529209622,18-05-04-09-14-00.jpg
05/04/18 09:15:00,282,203,False,0.0,18-05-04-09-15-00.jpg
05/04/18 09:16:00,255,342,True,0.06985294117647059,18-05-04-09-16-00.jpg
05/04/18 09:17:00,255,519,True,0.056737588652482275,18-05-04-09-17-00.jpg
05/04/18 09:18:00,255,181,True,0.059649122807017535,18-05-04-09-18-00.jpg
05/04/18 09:19:00,273,241,False,0.0,18-05-04-09-19-00.jpg
05/04/18 09:20:00,253,339,False,0.0,18-05-04-09-20-00.jpg
05/04/18 09:21:00,254,242,False,0.0,18-05-04-09-21-00.jpg
05/04/18 09:22:00,263,388,False,0.0,18-05-04-09-22-00.jpg
05/04/18 09:23:00,281,368,False,0.0,18-05-04-09-23-00.jpg
05/04/18 09:24:00,268,269,False,0.0,18-05-04-09-24-00.jpg
05/04/18 09:25:00,268,500,False,0.0,18-05-04-09-25-00.jpg
05/04/18 09:26:00,262,492,True,0.17375886524822695,18-05-04-09-26-00.jpg
05/04/18 09:27:00,282,552,True,0.055749128919860634,18-05-04-09-27-00.jpg
05/04/18 09:28:00,281,194,False,0.0,18-05-04-09-28-00.jpg
05/04/18 09:29:00,283,245,False,0.0,18-05-04-09-29-00.jpg
05/04/18 09:30:00,283,435,False,0.0,18-05-04-09-30-00.jpg
05/04/18 09:31:00,270,480,False,0.0,18-05-04-09-31-00.jpg
05/04/18 09:32:00,281,404,False,0.0,18-05-04-09-32-00.jpg
05/04/18 09:33:00,269,227,False,0.0,18-05-04-09-33-00.jpg
05/04/18 09:34:00,274,245,False,0.0,18-05-04-09-34-00.jpg
05/04/18 09:35:00,270,252,True,0.05172413793103448,18-05-04-09-35-00.jpg
05/04/18 09:36:00,279,244,False,0.0,18-05-04-09-36-00.jpg
05/04/18 09:37:00,259,180,False,0.0,18-05-04-09-37-00.jpg
05/04/18 09:38:00,259,301,False,0.0,18-05-04-09-38-00.jpg
05/04/18 09:39:00,261,396,False,0.0,18-05-04-09-39-00.jpg
05/04/18 09:40:00,255,235,False,0.0,18-05-04-09-40-00.jpg
05/04/18 09:41:00,260,218,False,0.0,18-05-04-09-41-00.jpg
05/04/18 09:42:00,285,187,False,0.0,18-05-04-09-42-00.jpg
05/04/18 09:43:00,255,571,False,0.0,18-05-04-09-43-00.jpg
05/04/18 09:44:00,281,206,False,0.0,18-05-04-09-44-00.jpg
05/04/18 09:45:00,277,230,False,0.0,18-05-04-09-45-00.jpg
05/04/18 09:46:00,275,457,False,0.0,18-05-04-09-46-00.jpg
05/04/18 09:47:00,275,182,False,0.0,18-05-04-09-47-00.jpg
05/04/18 09:48:00,276,211,False,0.0,18-05-04-09-48-00.jpg
05/04/18 09:49:00,257,243,False,0.0,18-05-04-09-49-00.jpg
05/04/18 09:50:00,275,234,False,0.0,18-05-04-09-50-00.jpg
05/04/18 09:51:00,274,226,True,0.06529209621993128,18-05-04-09-51-00.jpg
05/04/18 09:52:00,266,229,False,0.0,18-05-04-09-52-00.jpg
05/04/18 09:53:00,284,402,False,0.0,18-05-04-09-53-00.jpg
05/04/18 09:54:00,283,230,False,0.0,18-05-04-09-54-00.jpg
05/04/18 09:55:00,281,184,False,0.0,18-05-04-09-55-00.jpg
05/04/18 09:56:00,270,386,True,0.05862068965517241,18-05-04-09-56-00.jpg
05/04/18 09:57:00,262,342,False,0.0,18-05-04-09-57-00.jpg
05/04/18 09:58:00,271,367,True,0.07560137457044673,18-05-04-09-58-00.jpg
05/04/18 09:59:00,284,239,False,0.0,18-05-04-09-59-00.jpg
05/04/18 10:00:00,282,251,False,0.0,18-05-04-10-00-00.jpg
05/04/18 10:01:00,260,184,True,0.06993006993006994,18-05-04-10-01-00.jpg
05/04/18 10:02:00,284,180,False,0.0,18-05-04-10-02-00.jpg
05/04/18 10:03:00,287,255,False,0.0,18-05-04-10-03-00.jpg
05/04/18 10:04:00,273,183,False,0.0,18-05-04-10-04-00.jpg
05/04/18 10:05:00,272,215,False,0.0,18-05-04-10-05-00.jpg
05/04/18 10:06:00,263,362,False,0.0,18-05-04-10-06-00.jpg
05/04/18 10:07:00,271,425,False,0.0,18-05-04-10-07-00.jpg
05/04/18 10:08:00,290,391,False,0.0,18-05-04-10-08-00.jpg
05/04/18 10:09:00,283,252,False,0.0,18-05-04-10-09-00.jpg
05/04/18 10:10:00,273,297,False,0.0,18-05-04-10-10-00.jpg
05/04/18 10:11:00,292,180,False,0.0,18-05-04-10-11-00.jpg
05/04/18 10:12:00,293,245,False,0.0,18-05-04-10-12-00.jpg
05/04/18 10:13:00,268,226,False,0.0,18-05-04-10-13-00.jpg
05/04/18 10:14:00,277,209,False,0.0,18-05-04-10-14-00.jpg
05/04/18 10:15:00,268,190,False,0.0,18-05-04-10-15-00.jpg
05/04/18 10:16:00,263,476,False,0.0,18-05-04-10-16-00.jpg
05/04/18 10:17:00,275,370,False,0.0,18-05-04-10-17-00.jpg
05/04/18 10:18:00,284,409,False,0.0,18-05-04-10-18-00.jpg
05/04/18 10:19:00,278,184,False,0.0,18-05-04-10-19-00.jpg
05/04/18 10:20:00,290,264,True,0.08934707903780069,18-05-04-10-20-00.jpg
05/04/18 10:21:00,276,250,False,0.0,18-05-04-10-21-00.jpg
05/04/18 10:22:00,292,362,False,0.0,18-05-04-10-22-00.jpg
05/04/18 10:23:00,272,180,True,0.0798611111111111,18-05-04-10-23-00.jpg
05/04/18 10:24:00,287,183,False,0.0,18-05-04-10-24-00.jpg
05/04/18 10:25:00,282,181,False,0.0,18-05-04-10-25-00.jpg
05/04/18 10:26:00,287,232,False,0.0,18-05-04-10-26-00.jpg
05/04/18 10:27:00,265,181,False,0.0,18-05-04-10-27-00.jpg
05/04/18 10:28:00,261,248,False,0.0,18-05-04-10-28-00.jpg
05/04/18 10:29:00,258,183,False,0.0,18-05-04-10-29-00.jpg
05/04/18 10:30:00,266,234,False,0.0,18-05-04-10-30-00.jpg
05/04/18 10:31:00,285,453,False,0.0,18-05-04-10-31-00.jpg
05/04/18 10:32:00,276,237,False,0.0,18-05-04-10-32-00.jpg
05/04/18 10:33:00,283,431,False,0.0,18-05-04-10-33-00.jpg
05/04/18 10:34:00,267,476,False,0.0,18-05-04-10-34-00.jpg
05/04/18 10:35:00,278,279,False,0.0,18-05-04-10-35-00.jpg
05/04/18 10:36:00,269,182,False,0.0,18-05-04-10-36-00.jpg
05/04/18 10:37:00,291,423,False,0.0,18-05-04-10-37-00.jpg
05/04/18 10:38:00,281,322,False,0.0,18-05-04-10-38-00.jpg
05/04/18 10:39:00,275,182,False,0.0,18-05-04-10-39-00.jpg
05/04/18 10:40:00,294,379,False,0.0,18-05-04-10-40-00.jpg
05/04/18 10:41:00,268,237,False,0.0,18-05-04-10-41-00.jpg
05/04/18 10:42:00,276,193,False,0.0,18-05-04-10-42-00.jpg
05/04/18 10:43:00,267,180,False,0.0,18-05-04-10-43-00.jpg
05/04/18 10:44:00,295,182,False,0.0,18-05-04-10-44-00.jpg
05/04/18 10:45:00,269,214,False,0.0,18-05-04-10-45-00.jpg
05/04/18 10:46:00,286,457,False,0.0,18-05-04-10-46-00.jpg
05/04/18 10:47:00,278,207,False,0.0,18-05-04-10-47-00.jpg
05/04/18 10:48:00,271,477,False,0.0,18-05-04-10-48-00.jpg
05/04/18 10:49:00,277,337,False,0.0,18-05-04-10-49-00.jpg
05/04/18 10:50:00,278,225,False,0.0,18-05-04-10-50-00.jpg
05/04/18 10:51:00,299,395,True,0.07958477508650519,18-05-04-10-51-00.jpg
05/04/18 10:52:00,284,182,False,0.0,18-05-04-10-52-00.jpg
05/04/18 10:53:00,299,180,False,0.0,18-05-04-10-53-00.jpg
05/04/18 10:54:00,277,271,False,0.0,18-05-04-10-54-00.jpg
05/04/18 10:55:00,290,304,False,0.0,18-05-04-10-55-00.jpg
05/04/18 10:56:00,283,206,False,0.0,18-05-04-10-56-00.jpg
05/04/18 10:57:00,267,212,False,0.0,18-05-04-10-57-00.jpg
05/04/18 10:58:00,275,184,False,0.0,18-05-04-10-58-00.jpg
05/04/18 10:59:00,277,481,True,0.07241379310344828,18-05-04-10-59-00.jpg
05/04/18 11:00:00,283,254,False,0.0,18-05-04-11-00-00.jpg
05/04/18 11:01:00,299,455,False,0.0,18-05-04-11-01-00.jpg
05/04/18 11:02:00,281,361,False,0.0,18-05-04-11-02-00.jpg
05/04/18 11:03:00,296,215,False,0.0,18-05-04-11-03-00.jpg
05/04/18 11:04:00,294,445,False,0.0,18-05-04-11-04-00.jpg
05/04/18 11:05:00,279,434,False,0.0,18-05-04-11-05-00.jpg
05/04/18 11:06:00,269,280,False,0.0,18-05-04-11-06-00.jpg
05/04/18 11:07:00,297,182,False,0.0,18-05-04-11-07-00.jpg
05/04/18 11:08:00,271,246,False,0.0,18-05-04-11-08-00.jpg
05/04/18 11:09:00,276,320,False,0.0,18-05-04-11-09-00.jpg
05/04/18 11:10:00,284,389,False,0.0,18-05-04-11-10-00.jpg
05/04/18 11:11:00,290,325,False,0.0,18-05-04-11-11-00.jpg
05/04/18 11:12:00,300,476,False,0.0,18-05-04-11-12-00.jpg
05/04/18 11:13:00,296,557,False,0.0,18-05-04-11-13-00.jpg
05/04/18 11:14:00,297,357,False,0.0,18-05-04-11-14-00.jpg
05/04/18 11:15:00,271,465,False,0.0,18-05-04-11-15-00.jpg
05/04/18 11:16:00,285,229,False,0.0,18-05-04-11-16-00.jpg
05/04/18 11:17:00,284,183,False,0.0,18-05-04-11-17-00.jpg
05/04/18 11:18:00,291,515,False,0.0,18-05-04-11-18-00.jpg
05/04/18 11:19:00,279,238,False,0.0,18-05-04-11-19-00.jpg
05/04/18 11:20:00,272,184,False,0.0,18-05-04-11-20-00.jpg
05/04/18 11:21:00,284,429,False,0.0,18-05-04-11-21-00.jpg
05/04/18 11:22:00,269,236,False,0.0,18-05-04-11-22-00.jpg
05/04/18 11:23:00,269,297,False,0.0,18-05-04-11-23-00.jpg
05/04/18 11:24:00,274,281,False,0.0,18-05-04-11-24-00.jpg
05/04/18 11:25:00,297,237,False,0.0,18-05-04-11-25-00.jpg
05/04/18 11:26:00,296,235,False,0.0,18-05-04-11-26-00.jpg
05/04/18 11:27:00,271,455,False,0.0,18-05-04-11-27-00.jpg
05/04/18 11:28:00,294,240,False,0.0,18-05-04-11-28-00.jpg
05/04/18 11:29:00,291,183,False,0.0,18-05-04-11-29-00.jpg
05/04/18 11:30:00,277,213,False,0.0,18-05-04-11-30-00.jpg
05/04/18 11:31:00,283,207,False,0.0,18-05-04-11-31-00.jpg
05/04/18 11:32:00,279,433,False,0.0,18-05-04-11-32-00.jpg
05/04/18 11:33:00,271,249,False,0.0,18-05-04-11-33-00.jpg
05/04/18 11:34:00,275,423,False,0.0,18-05-04-11-34-00.jpg
05/04/18 11:35:00,283,226,False,0.0,18-05-04-11-35-00.jpg
05/04/18 11:36:00,293,178,False,0.0,18-05-04-11-36-00.jpg
05/04/18 11:37:00,298,211,False,0.0,18-05-04-11-37-00.jpg
05/04/18 11:38:00,295,196,False,0.0,18-05-04-11-38-00.jpg
05/04/18 11:39:00,283,255,False,0.0,18-05-04-11-39-00.jpg
05/04/18 11:40:00,293,297,False,0.0,18-05-04-11-40-00.jpg
05/04/18 11:41:00,268,586,False,0.0,18-05-04-11-41-00.jpg
05/04/18 11:42:00,291,222,False,0.0,18-05-04-11-42-00.jpg
05/04/18 11:43:00,268,183,True,0.06293706293706294,18-05-04-11-43-00.jpg
05/04/18 11:44:00,275,182,True,0.061855670103092786,18-05-04-11-44-00.jpg
05/04/18 11:45:00,297,181,False,0.0,18-05-04-11-45-00.jpg
05/04/18 11:46:00,289,181,False,0.0,18-05-04-11-46-00.jpg
05/04/18 11:47:00,278,418,False,0.0,18-05-04-11-47-00.jpg
05/04/18 11:48:00,274,384,False,0.0,18-05-04-11-48-00.jpg
05/04/18 11:49:00,271,242,False,0.0,18-05-04-11-49-00.jpg
05/04/18 11:50:00,275,194,False,0.0,18-05-04-11-50-00.jpg
05/04/18 11:51:00,273,450,False,0.0,18-05-04-11-51-00.jpg
05/04/18 11:52:00,271,416,False,0.0,18-05-04-11-52-00.jpg
05/04/18 11:53:00,274,255,False,0.0,18-05-04-11-53-00.jpg
05/04/18 11:54:00,288,212,False,0.0,18-05-04-11-54-00.jpg
05/04/18 11:55:00,291,184,False,0.0,18-05-04-11-55-00.jpg
05/04/18 11:56:00,291,250,False,0.0,18-05-04-11-56-00.jpg
05/04/18 11:57:00,269,210,True,0.04946996466431095,18-05-04-11-57-00.jpg
05/04/18 11:58:00,283,274,False,0.0,18-05-04-11-58-00.jpg
05/04/18 11:59:00,288,240,True,0.05862068965517241,18-05-04-11-59-00.jpg
05/04/18 12:00:00,282,511,False,0.0,18-05-04-12-00-00.jpg
05/04/18 12:01:00,269,222,False,0.0,18-05-04-12-01-00.jpg
05/04/18 12:02:00,294,470,False,0.0,18-05-04-12-02-00.jpg
05/04/18 12:03:00,278,197,False,0.0,18-05-04-12-03-00.jpg
05/04/18 12:04:00,296,182,False,0.0,18-05-04-12-04-00.jpg
05/04/18 12:05:00,271,248,False,0.0,18-05-04-12-05-00.jpg
05/04/18 12:06:00,271,260,False,0.0,18-05-04-12-06-00.jpg
05/04/18 12:07:00,296,335,False,0.0,18-05-04-12-07-00.jpg
05/04/18 12:08:00,270,573,False,0.0,18-05-04-12-08-00.jpg
05/04/18 12:09:00,271,181,False,0.0,18-05-04-12-09-00.jpg
05/04/18 12:10:00,296,181,False,0.0,18-05-04-12-10-00.jpg
05/04/18 12:11:00,276,252,False,0.0,18-05-04-12-11-00.jpg
05/04/18 12:12:00,275,342,False,0.0,18-05-04-12-12-00.jpg
05/04/18 12:13:00,296,182,False,0.0,18-05-04-12-13-00.jpg
05/04/18 12:14:00,276,193,False,0.0,18-05-04-12-14-00.jpg
05/04/18 12:15:00,274,182,False,0.0,18-05-04-12-15-00.jpg
05/04/18 12:16:00,287,191,False,0.0,18-05-04-12-16-00.jpg
05/04/18 12:17:00,287,422,False,0.0,18-05-04-12-17-00.jpg
05/04/18 12:18:00,291,455,False,0.0,18-05-04-12-18-00.jpg
05/04/18 12:19:00,269,180,False,0.0,18-05-04-12-19-00.jpg
05/04/18 12:20:00,268,227,False,0.0,18-05-04-12-20-00.jpg
05/04/18 12:21:00,269,467,False,0.0,18-05-04-12-21-00.jpg
05/04/18 12:22:00,280,180,False,0.0,18-05-04-12-22-00.jpg
05/04/18 12:23:00,293,470,True,0.08275862068965517,18-05-04-12-23-00.jpg
05/04/18 12:24:00,285,440,False,0.0,18-05-04-12-24-00.jpg
05/04/18 12:25:00,277,426,False,0.0,18-05-04-12-25-00.jpg
05/04/18 12:26:00,268,179,True,0.09824561403508772,18-05-04-12-26-00.jpg
05/04/18 12:27:00,275,380,False,0.0,18-05-04-12-27-00.jpg
05/04/18 12:28:00,285,428,True,0.10211267605633803,18-05-04-12-28-00.jpg
05/04/18 12:29:00,271,179,True,0.06405693950177936,18-05-04-12-29-00.jpg
05/04/18 12:30:00,272,208,False,0.0,18-05-04-12-30-00.jpg
05/04/18 12:31:00,266,482,True,0.07586206896551724,18-05-04-12-31-00.jpg
05/04/18 12:32:00,287,225,False,0.0,18-05-04-12-32-00.jpg
05/04/18 12:33:00,277,432,False,0.0,18-05-04-12-33-00.jpg
05/04/18 12:34:00,287,448,False,0.0,18-05-04-12-34-00.jpg
05/04/18 12:35:00,271,293,False,0.0,18-05-04-12-35-00.jpg
05/04/18 12:36:00,283,186,False,0.0,18-05-04-12-36-00.jpg
05/04/18 12:37:00,287,233,False,0.0,18-05-04-12-37-00.jpg
05/04/18 12:38:00,292,517,False,0.0,18-05-04-12-38-00.jpg
05/04/18 12:39:00,281,221,False,0.0,18-05-04-12-39-00.jpg
05/04/18 12:40:00,267,252,False,0.0,18-05-04-12-40-00.jpg
05/04/18 12:41:00,292,256,False,0.0,18-05-04-12-41-00.jpg
05/04/18 12:42:00,273,464,False,0.0,18-05-04-12-42-00.jpg
05/04/18 12:43:00,270,201,False,0.0,18-05-04-12-43-00.jpg
05/04/18 12:44:00,270,180,False,0.0,18-05-04-12-44-00.jpg
05/04/18 12:45:00,276,197,False,0.0,18-05-04-12-45-00.jpg
05/04/18 12:46:00,267,256,False,0.0,18-05-04-12-46-00.jpg
05/04/18 12:47:00,279,224,False,0.0,18-05-04-12-47-00.jpg
05/04/18 12:48:00,271,416,False,0.0,18-05-04-12-48-00.jpg
05/04/18 12:49:00,268,233,False,0.0,18-05-04-12-49-00.jpg
05/04/18 12:50:00,290,180,False,0.0,18-05-04-12-50-00.jpg
05/04/18 12:51:00,269,409,False,0.0,18-05-04-12-51-00.jpg
05/04/18 12:52:00,267,612,False,0.0,18-05-04-12-52-00.jpg
05/04/18 12:53:00,280,180,False,0.0,18-05-04-12-53-00.jpg
05/04/18 12:54:00,265,180,False,0.0,18-05-04-12-54-00.jpg
05/04/18 12:55:00,290,243,True,0.05944055944055944,18-05-04-12-55-00.jpg
05/04/18 12:56:00,285,223,False,0.0,18-05-04-12-56-00.jpg
05/04/18 12:57:00,289,246,False,0.0,18-05-04-12-57-00.jpg
05/04/18 12:58:00,264,360,False,0.0,18-05-04-12-58-00.jpg
05/04/18 12:59:00,273,418,False,0.0,18-05-04-12-59-00.jpg
05/04/18 13:00:00,269,235,False,0.0,18-05-04-13-00-00.jpg
05/04/18 13:01:00,266,244,False,0.0,18-05-04-13-01-00.jpg
05/04/18 13:02:00,292,188,False,0.0,18-05-04-13-02-00.jpg
05/04/18 13:03:00,265,347,False,0.0,18-05-04-13-03-00.jpg
05/04/18 13:04:00,264,225,False,0.0,18-05-04-13-04-00.jpg
05/04/18 13:05:00,290,246,True,0.08362369337979095,18-05-04-13-05-00.jpg
05/04/18 13:06:00,291,271,False,0.0,18-05-04-13-06-00.jpg
05/04/18 13:07:00,263,276,False,0.0,18-05-04-13-07-00.jpg
05/04/18 13:08:00,265,223,False,0.0,18-05-04-13-08-00.jpg
05/04/18 13:09:00,264,267,False,0.0,18-05-04-13-09-00.jpg
05/04/18 13:10:00,272,253,False,0.0,18-05-04-13-10-00.jpg
05/04/18 13:11:00,264,296,False,0.0,18-05-04-13-11-00.jpg
05/04/18 13:12:00,283,306,False,0.0,18-05-04-13-12-00.jpg
05/04/18 13:13:00,267,255,False,0.0,18-05-04-13-13-00.jpg
05/04/18 13:14:00,262,216,False,0.0,18-05-04-13-14-00.jpg
05/04/18 13:15:00,269,197,True,0.08,18-05-04-13-15-00.jpg
05/04/18 13:16:00,285,193,True,0.07692307692307693,18-05-04-13-16-00.jpg
05/04/18 13:17:00,276,257,False,0.0,18-05-04-13-17-00.jpg
05/04/18 13:18:00,263,392,False,0.0,18-05-04-13-18-00.jpg
05/04/18 13:19:00,264,240,False,0.0,18-05-04-13-19-00.jpg
05/04/18 13:20:00,290,178,False,0.0,18-05-04-13-20-00.jpg
05/04/18 13:21:00,263,251,False,0.0,18-05-04-13-21-00.jpg
05/04/18 13:22:00,275,196,False,0.0,18-05-04-13-22-00.jpg
05/04/18 13:23:00,274,239,False,0.0,18-05-04-13-23-00.jpg
05/04/18 13:24:00,271,415,False,0.0,18-05-04-13-24-00.jpg
05/04/18 13:25:00,273,451,False,0.0,18-05-04-13-25-00.jpg
05/04/18 13:26:00,266,268,False,0.0,18-05-04-13-26-00.jpg
05/04/18 13:27:00,281,414,False,0.0,18-05-04-13-27-00.jpg
05/04/18 13:28:00,273,223,False,0.0,18-05-04-13-28-00.jpg
05/04/18 13:29:00,269,354,False,0.0,18-05-04-13-29-00.jpg
05/04/18 13:30:00,262,376,False,0.0,18-05-04-13-30-00.jpg
05/04/18 13:31:00,287,183,True,0.08362369337979095,18-05-04-13-31-00.jpg
05/04/18 13:32:00,289,271,True,0.0528169014084507,18-05-04-13-32-00.jpg
05/04/18 13:33:00,270,444,False,0.0,18-05-04-13-33-00.jpg
05/04/18 13:34:00,289,183,False,0.0,18-05-04-13-34-00.jpg
05/04/18 13:35:00,287,181,False,0.0,18-05-04-13-35-00.jpg
05/04/18 13:36:00,289,408,False,0.0,18-05-04-13-36-00.jpg
05/04/18 13:37:00,287,232,False,0.0,18-05-04-13-37-00.jpg
05/04/18 13:38:00,270,436,False,0.0,18-05-04-13-38-00.jpg
05/04/18 13:39:00,262,520,False,0.0,18-05-04-13-39-00.jpg
05/04/18 13:40:00,260,410,False,0.0,18-05-04-13-40-00.jpg
05/04/18 13:41:00,269,222,False,0.0,18-05-04-13-41-00.jpg
05/04/18 13:42:00,274,195,False,0.0,18-05-04-13-42-00.jpg
05/04/18 13:43:00,263,288,False,0.0,18-05-04-13-43-00.jpg
05/04/18 13:44:00,261,474,False,0.0,18-05-04-13-44-00.jpg
05/04/18 13:45:00,259,181,False,0.0,18-05-04-13-45-00.jpg
05/04/18 13:46:00,266,205,False,0.0,18-05-04-13-46-00.jpg
05/04/18 13:47:00,268,203,True,0.07903780068728522,18-05-04-13-47-00.jpg
05/04/18 13:48:00,273,213,False,0.0,18-05-04-13-48-00.jpg
05/04/18 13:49:00,287,184,False,0.0,18-05-04-13-49-00.jpg
05/04/18 13:50:00,287,230,False,0.0,18-05-04-13-50-00.jpg
05/04/18 13:51:00,283,417,True,0.07586206896551724,18-05-04-13-51-00.jpg
05/04/18 13:52:00,286,233,False,0.0,18-05-04-13-52-00.jpg
05/04/18 13:53:00,287,188,False,0.0,18-05-04-13-53-00.jpg
05/04/18 13:54:00,281,183,False,0.0,18-05-04-13-54-00.jpg
05/04/18 13:55:00,262,240,False,0.0,18-05-04-13-55-00.jpg
